// Auto-generated from ELF (data-side preload)
@0000 0001011300010117
@0001 0000006F008000EF
@0002 04113423FB010113
@0003 02913C2304813023
@0004 0331342303213823
@0005 000048B703413023
@0006 6404009300088413
@0007 C80303930000B337
@0008 00008F93C8030313
@0009 0150051300088893
@000A 00100E9300000F13
@000B 0140029300000E13
@000C 00030613000E879B
@000D 00088713000F8693
@000E 00F72023001F081B
@000F 00B6A02340F805BB
@0010 0017879B00063023
@0011 0046869300470713
@0012 FEA790E300860613
@0013 001E8E93001E0E13
@0014 050F8F9305088893
@0015 002F0F1B0A030313
@0016 FA5E16E30015051B
@0017 C8070A1300005737
@0018 00000793C8070713
@0019 0016161352D2B637
@001A 000015B7A5A60613
@001B 00C7C6B3C0058593
@001C 0087879300D73023
@001D FEB798E304070713
@001E 0010081300038293
@001F 1B38081302881813
@0020 00000F1300000E93
@0021 0004F33769008E13
@0022 076A98B71B830313
@0023 00080F9340088893
@0024 6400851301400493
@0025 01D989B3002E9993
@0026 008989B300499993
@0027 9C05079300028913
@0028 0000061300098693
@0029 0007A5830006A703
@002A 00E6063302B70733
@002B 0507879300468693
@002C 00C93023FEA794E3
@002D 0045051300890913
@002E 001E8E93FDC516E3
@002F 00080693000A0593
@0030 0106473300000613
@0031 00F747330005B783
@0032 0076979300E5B023
@0033 00A787B30036D513
@0034 00F6C6B300E787B3
@0035 0066063304058593
@0036 00DF4F33FD161AE3
@0037 0A02829301F80833
@0038 000017B7F69E92E3
@0039 F2E00893A6478793
@003A 0000071300100813
@003B 02071E9301400E13
@003C 0003861300078593
@003D 0006350300000693
@003E 01D683331AB51C63
@003F 00AF4F3300A30533
@0040 0086061300168693
@0041 FFC690E3011585B3
@0042 0018081300170713
@0043 0A038393FEC88893
@0044 015006930BE78793
@0045 FF900793FAD81AE3
@0046 FF20079300F10523
@0047 B2E0079300F105A3
@0048 FFFFF7B700F11623
@0049 00F117230E178793
@004A EE078793FFF867B7
@004B FEDCC7B700F12823
@004C 00F12A23A9878793
@004D A9978793FEDCC7B7
@004E 52D2B7B700F13C23
@004F 00F79793D2D78793
@0050 0027979348D78793
@0051 00A1470300FF47B3
@0052 4187571B0187171B
@0053 00B1468301E70733
@0054 00C1570300E686B3
@0055 4107571B0107171B
@0056 00E1568300D70733
@0057 0101268300E68733
@0058 0141270300E686B3
@0059 0207571302071713
@005A 0181368300D70733
@005B 0037169300D70733
@005C 00E6C73340575713
@005D 0077D79300B79693
@005E 00E6C7B300F6E6B3
@005F 0C07CE6301178713
@0060 34578793000127B7
@0061 00E7873302F717B3
@0062 45678793000237B7
@0063 00E787B302F737B3
@0064 97960613FFED3637
@0065 A2B7071300092737
@0066 7897071300D71713
@0067 00C787B302E62633
@0068 02E7873B00B00713
@0069 0637871300E787B3
@006A 02C7473B00700613
@006B 07B7871300E787B3
@006C 02C7573B00900613
@006D 0C77871300F707B3
@006E 02C7673B00D00613
@006F 0117871300E787B3
@0070 02C7773B00500613
@0071 00F707B30096D693
@0072 04FF066300F6C7B3
@0073 001007130000C7B7
@0074 0000006F90E7B423
@0075 00E787B300271793
@0076 00D787B300279793
@0077 E007071300001737
@0078 0007946300E787B3
@0079 0000C73700200793
@007A 0000006F90F73423
@007B F25FF06F40F00733
@007C C807B7030000B7B7
@007D FAF716E300100793
@007E EFD78793000017B7
@007F 90F734230000C737
@0080 000000000000006F
@0081 0000000000000000
@0082 0000000000000000
@0083 0000000000000000
@0084 0000000000000000
@0085 0000000000000000
@0086 0000000000000000
@0087 0000000000000000
@0088 0000000000000000
@0089 0000000000000000
@008A 0000000000000000
@008B 0000000000000000
@008C 0000000000000000
@008D 0000000000000000
@008E 0000000000000000
@008F 0000000000000000
@0090 0000000000000000
@0091 0000000000000000
@0092 0000000000000000
@0093 0000000000000000
@0094 0000000000000000
@0095 0000000000000000
@0096 0000000000000000
@0097 0000000000000000
@0098 0000000000000000
@0099 0000000000000000
@009A 0000000000000000
@009B 0000000000000000
@009C 0000000000000000
@009D 0000000000000000
@009E 0000000000000000
@009F 0000000000000000
@00A0 0000000000000000
@00A1 0000000000000000
@00A2 0000000000000000
@00A3 0000000000000000
@00A4 0000000000000000
@00A5 0000000000000000
@00A6 0000000000000000
@00A7 0000000000000000
@00A8 0000000000000000
@00A9 0000000000000000
@00AA 0000000000000000
@00AB 0000000000000000
@00AC 0000000000000000
@00AD 0000000000000000
@00AE 0000000000000000
@00AF 0000000000000000
@00B0 0000000000000000
@00B1 0000000000000000
@00B2 0000000000000000
@00B3 0000000000000000
@00B4 0000000000000000
@00B5 0000000000000000
@00B6 0000000000000000
@00B7 0000000000000000
@00B8 0000000000000000
@00B9 0000000000000000
@00BA 0000000000000000
@00BB 0000000000000000
@00BC 0000000000000000
@00BD 0000000000000000
@00BE 0000000000000000
@00BF 0000000000000000
@00C0 0000000000000000
@00C1 0000000000000000
@00C2 0000000000000000
@00C3 0000000000000000
@00C4 0000000000000000
@00C5 0000000000000000
@00C6 0000000000000000
@00C7 0000000000000000
@00C8 0000000000000000
@00C9 0000000000000000
@00CA 0000000000000000
@00CB 0000000000000000
@00CC 0000000000000000
@00CD 0000000000000000
@00CE 0000000000000000
@00CF 0000000000000000
@00D0 0000000000000000
@00D1 0000000000000000
@00D2 0000000000000000
@00D3 0000000000000000
@00D4 0000000000000000
@00D5 0000000000000000
@00D6 0000000000000000
@00D7 0000000000000000
@00D8 0000000000000000
@00D9 0000000000000000
@00DA 0000000000000000
@00DB 0000000000000000
@00DC 0000000000000000
@00DD 0000000000000000
@00DE 0000000000000000
@00DF 0000000000000000
@00E0 0000000000000000
@00E1 0000000000000000
@00E2 0000000000000000
@00E3 0000000000000000
@00E4 0000000000000000
@00E5 0000000000000000
@00E6 0000000000000000
@00E7 0000000000000000
@00E8 0000000000000000
@00E9 0000000000000000
@00EA 0000000000000000
@00EB 0000000000000000
@00EC 0000000000000000
@00ED 0000000000000000
@00EE 0000000000000000
@00EF 0000000000000000
@00F0 0000000000000000
@00F1 0000000000000000
@00F2 0000000000000000
@00F3 0000000000000000
@00F4 0000000000000000
@00F5 0000000000000000
@00F6 0000000000000000
@00F7 0000000000000000
@00F8 0000000000000000
@00F9 0000000000000000
@00FA 0000000000000000
@00FB 0000000000000000
@00FC 0000000000000000
@00FD 0000000000000000
@00FE 0000000000000000
@00FF 0000000000000000
@0100 0000000000000000
@0101 0000000000000000
@0102 0000000000000000
@0103 0000000000000000
@0104 0000000000000000
@0105 0000000000000000
@0106 0000000000000000
@0107 0000000000000000
@0108 0000000000000000
@0109 0000000000000000
@010A 0000000000000000
@010B 0000000000000000
@010C 0000000000000000
@010D 0000000000000000
@010E 0000000000000000
@010F 0000000000000000
@0110 0000000000000000
@0111 0000000000000000
@0112 0000000000000000
@0113 0000000000000000
@0114 0000000000000000
@0115 0000000000000000
@0116 0000000000000000
@0117 0000000000000000
@0118 0000000000000000
@0119 0000000000000000
@011A 0000000000000000
@011B 0000000000000000
@011C 0000000000000000
@011D 0000000000000000
@011E 0000000000000000
@011F 0000000000000000
@0120 0000000000000000
@0121 0000000000000000
@0122 0000000000000000
@0123 0000000000000000
@0124 0000000000000000
@0125 0000000000000000
@0126 0000000000000000
@0127 0000000000000000
@0128 0000000000000000
@0129 0000000000000000
@012A 0000000000000000
@012B 0000000000000000
@012C 0000000000000000
@012D 0000000000000000
@012E 0000000000000000
@012F 0000000000000000
@0130 0000000000000000
@0131 0000000000000000
@0132 0000000000000000
@0133 0000000000000000
@0134 0000000000000000
@0135 0000000000000000
@0136 0000000000000000
@0137 0000000000000000
@0138 0000000000000000
@0139 0000000000000000
@013A 0000000000000000
@013B 0000000000000000
@013C 0000000000000000
@013D 0000000000000000
@013E 0000000000000000
@013F 0000000000000000
@0140 0000000000000000
@0141 0000000000000000
@0142 0000000000000000
@0143 0000000000000000
@0144 0000000000000000
@0145 0000000000000000
@0146 0000000000000000
@0147 0000000000000000
@0148 0000000000000000
@0149 0000000000000000
@014A 0000000000000000
@014B 0000000000000000
@014C 0000000000000000
@014D 0000000000000000
@014E 0000000000000000
@014F 0000000000000000
@0150 0000000000000000
@0151 0000000000000000
@0152 0000000000000000
@0153 0000000000000000
@0154 0000000000000000
@0155 0000000000000000
@0156 0000000000000000
@0157 0000000000000000
@0158 0000000000000000
@0159 0000000000000000
@015A 0000000000000000
@015B 0000000000000000
@015C 0000000000000000
@015D 0000000000000000
@015E 0000000000000000
@015F 0000000000000000
@0160 0000000000000000
@0161 0000000000000000
@0162 0000000000000000
@0163 0000000000000000
@0164 0000000000000000
@0165 0000000000000000
@0166 0000000000000000
@0167 0000000000000000
@0168 0000000000000000
@0169 0000000000000000
@016A 0000000000000000
@016B 0000000000000000
@016C 0000000000000000
@016D 0000000000000000
@016E 0000000000000000
@016F 0000000000000000
@0170 0000000000000000
@0171 0000000000000000
@0172 0000000000000000
@0173 0000000000000000
@0174 0000000000000000
@0175 0000000000000000
@0176 0000000000000000
@0177 0000000000000000
@0178 0000000000000000
@0179 0000000000000000
@017A 0000000000000000
@017B 0000000000000000
@017C 0000000000000000
@017D 0000000000000000
@017E 0000000000000000
@017F 0000000000000000
@0180 0000000000000000
@0181 0000000000000000
@0182 0000000000000000
@0183 0000000000000000
@0184 0000000000000000
@0185 0000000000000000
@0186 0000000000000000
@0187 0000000000000000
@0188 0000000000000000
@0189 0000000000000000
@018A 0000000000000000
@018B 0000000000000000
@018C 0000000000000000
@018D 0000000000000000
@018E 0000000000000000
@018F 0000000000000000
@0190 0000000000000000
@0191 0000000000000000
@0192 0000000000000000
@0193 0000000000000000
@0194 0000000000000000
@0195 0000000000000000
@0196 0000000000000000
@0197 0000000000000000
@0198 0000000000000000
@0199 0000000000000000
@019A 0000000000000000
@019B 0000000000000000
@019C 0000000000000000
@019D 0000000000000000
@019E 0000000000000000
@019F 0000000000000000
@01A0 0000000000000000
@01A1 0000000000000000
@01A2 0000000000000000
@01A3 0000000000000000
@01A4 0000000000000000
@01A5 0000000000000000
@01A6 0000000000000000
@01A7 0000000000000000
@01A8 0000000000000000
@01A9 0000000000000000
@01AA 0000000000000000
@01AB 0000000000000000
@01AC 0000000000000000
@01AD 0000000000000000
@01AE 0000000000000000
@01AF 0000000000000000
@01B0 0000000000000000
@01B1 0000000000000000
@01B2 0000000000000000
@01B3 0000000000000000
@01B4 0000000000000000
@01B5 0000000000000000
@01B6 0000000000000000
@01B7 0000000000000000
@01B8 0000000000000000
@01B9 0000000000000000
@01BA 0000000000000000
@01BB 0000000000000000
@01BC 0000000000000000
@01BD 0000000000000000
@01BE 0000000000000000
@01BF 0000000000000000
@01C0 0000000000000000
@01C1 0000000000000000
@01C2 0000000000000000
@01C3 0000000000000000
@01C4 0000000000000000
@01C5 0000000000000000
@01C6 0000000000000000
@01C7 0000000000000000
@01C8 0000000000000000
@01C9 0000000000000000
@01CA 0000000000000000
@01CB 0000000000000000
@01CC 0000000000000000
@01CD 0000000000000000
@01CE 0000000000000000
@01CF 0000000000000000
@01D0 0000000000000000
@01D1 0000000000000000
@01D2 0000000000000000
@01D3 0000000000000000
@01D4 0000000000000000
@01D5 0000000000000000
@01D6 0000000000000000
@01D7 0000000000000000
@01D8 0000000000000000
@01D9 0000000000000000
@01DA 0000000000000000
@01DB 0000000000000000
@01DC 0000000000000000
@01DD 0000000000000000
@01DE 0000000000000000
@01DF 0000000000000000
@01E0 0000000000000000
@01E1 0000000000000000
@01E2 0000000000000000
@01E3 0000000000000000
@01E4 0000000000000000
@01E5 0000000000000000
@01E6 0000000000000000
@01E7 0000000000000000
@01E8 0000000000000000
@01E9 0000000000000000
@01EA 0000000000000000
@01EB 0000000000000000
@01EC 0000000000000000
@01ED 0000000000000000
@01EE 0000000000000000
@01EF 0000000000000000
@01F0 0000000000000000
@01F1 0000000000000000
@01F2 0000000000000000
@01F3 0000000000000000
@01F4 0000000000000000
@01F5 0000000000000000
@01F6 0000000000000000
@01F7 0000000000000000
@01F8 0000000000000000
@01F9 0000000000000000
@01FA 0000000000000000
@01FB 0000000000000000
@01FC 0000000000000000
@01FD 0000000000000000
@01FE 0000000000000000
@01FF 0000000000000000
@0200 0000000000000000
@0201 0000000000000000
@0202 0000000000000000
@0203 0000000000000000
@0204 0000000000000000
@0205 0000000000000000
@0206 0000000000000000
@0207 0000000000000000
@0208 0000000000000000
@0209 0000000000000000
@020A 0000000000000000
@020B 0000000000000000
@020C 0000000000000000
@020D 0000000000000000
@020E 0000000000000000
@020F 0000000000000000
@0210 0000000000000000
@0211 0000000000000000
@0212 0000000000000000
@0213 0000000000000000
@0214 0000000000000000
@0215 0000000000000000
@0216 0000000000000000
@0217 0000000000000000
@0218 0000000000000000
@0219 0000000000000000
@021A 0000000000000000
@021B 0000000000000000
@021C 0000000000000000
@021D 0000000000000000
@021E 0000000000000000
@021F 0000000000000000
@0220 0000000000000000
@0221 0000000000000000
@0222 0000000000000000
@0223 0000000000000000
@0224 0000000000000000
@0225 0000000000000000
@0226 0000000000000000
@0227 0000000000000000
@0228 0000000000000000
@0229 0000000000000000
@022A 0000000000000000
@022B 0000000000000000
@022C 0000000000000000
@022D 0000000000000000
@022E 0000000000000000
@022F 0000000000000000
@0230 0000000000000000
@0231 0000000000000000
@0232 0000000000000000
@0233 0000000000000000
@0234 0000000000000000
@0235 0000000000000000
@0236 0000000000000000
@0237 0000000000000000
@0238 0000000000000000
@0239 0000000000000000
@023A 0000000000000000
@023B 0000000000000000
@023C 0000000000000000
@023D 0000000000000000
@023E 0000000000000000
@023F 0000000000000000
@0240 0000000000000000
@0241 0000000000000000
@0242 0000000000000000
@0243 0000000000000000
@0244 0000000000000000
@0245 0000000000000000
@0246 0000000000000000
@0247 0000000000000000
@0248 0000000000000000
@0249 0000000000000000
@024A 0000000000000000
@024B 0000000000000000
@024C 0000000000000000
@024D 0000000000000000
@024E 0000000000000000
@024F 0000000000000000
@0250 0000000000000000
@0251 0000000000000000
@0252 0000000000000000
@0253 0000000000000000
@0254 0000000000000000
@0255 0000000000000000
@0256 0000000000000000
@0257 0000000000000000
@0258 0000000000000000
@0259 0000000000000000
@025A 0000000000000000
@025B 0000000000000000
@025C 0000000000000000
@025D 0000000000000000
@025E 0000000000000000
@025F 0000000000000000
@0260 0000000000000000
@0261 0000000000000000
@0262 0000000000000000
@0263 0000000000000000
@0264 0000000000000000
@0265 0000000000000000
@0266 0000000000000000
@0267 0000000000000000
@0268 0000000000000000
@0269 0000000000000000
@026A 0000000000000000
@026B 0000000000000000
@026C 0000000000000000
@026D 0000000000000000
@026E 0000000000000000
@026F 0000000000000000
@0270 0000000000000000
@0271 0000000000000000
@0272 0000000000000000
@0273 0000000000000000
@0274 0000000000000000
@0275 0000000000000000
@0276 0000000000000000
@0277 0000000000000000
@0278 0000000000000000
@0279 0000000000000000
@027A 0000000000000000
@027B 0000000000000000
@027C 0000000000000000
@027D 0000000000000000
@027E 0000000000000000
@027F 0000000000000000
@0280 0000000000000000
@0281 0000000000000000
@0282 0000000000000000
@0283 0000000000000000
@0284 0000000000000000
@0285 0000000000000000
@0286 0000000000000000
@0287 0000000000000000
@0288 0000000000000000
@0289 0000000000000000
@028A 0000000000000000
@028B 0000000000000000
@028C 0000000000000000
@028D 0000000000000000
@028E 0000000000000000
@028F 0000000000000000
@0290 0000000000000000
@0291 0000000000000000
@0292 0000000000000000
@0293 0000000000000000
@0294 0000000000000000
@0295 0000000000000000
@0296 0000000000000000
@0297 0000000000000000
@0298 0000000000000000
@0299 0000000000000000
@029A 0000000000000000
@029B 0000000000000000
@029C 0000000000000000
@029D 0000000000000000
@029E 0000000000000000
@029F 0000000000000000
@02A0 0000000000000000
@02A1 0000000000000000
@02A2 0000000000000000
@02A3 0000000000000000
@02A4 0000000000000000
@02A5 0000000000000000
@02A6 0000000000000000
@02A7 0000000000000000
@02A8 0000000000000000
@02A9 0000000000000000
@02AA 0000000000000000
@02AB 0000000000000000
@02AC 0000000000000000
@02AD 0000000000000000
@02AE 0000000000000000
@02AF 0000000000000000
@02B0 0000000000000000
@02B1 0000000000000000
@02B2 0000000000000000
@02B3 0000000000000000
@02B4 0000000000000000
@02B5 0000000000000000
@02B6 0000000000000000
@02B7 0000000000000000
@02B8 0000000000000000
@02B9 0000000000000000
@02BA 0000000000000000
@02BB 0000000000000000
@02BC 0000000000000000
@02BD 0000000000000000
@02BE 0000000000000000
@02BF 0000000000000000
@02C0 0000000000000000
@02C1 0000000000000000
@02C2 0000000000000000
@02C3 0000000000000000
@02C4 0000000000000000
@02C5 0000000000000000
@02C6 0000000000000000
@02C7 0000000000000000
@02C8 0000000000000000
@02C9 0000000000000000
@02CA 0000000000000000
@02CB 0000000000000000
@02CC 0000000000000000
@02CD 0000000000000000
@02CE 0000000000000000
@02CF 0000000000000000
@02D0 0000000000000000
@02D1 0000000000000000
@02D2 0000000000000000
@02D3 0000000000000000
@02D4 0000000000000000
@02D5 0000000000000000
@02D6 0000000000000000
@02D7 0000000000000000
@02D8 0000000000000000
@02D9 0000000000000000
@02DA 0000000000000000
@02DB 0000000000000000
@02DC 0000000000000000
@02DD 0000000000000000
@02DE 0000000000000000
@02DF 0000000000000000
@02E0 0000000000000000
@02E1 0000000000000000
@02E2 0000000000000000
@02E3 0000000000000000
@02E4 0000000000000000
@02E5 0000000000000000
@02E6 0000000000000000
@02E7 0000000000000000
@02E8 0000000000000000
@02E9 0000000000000000
@02EA 0000000000000000
@02EB 0000000000000000
@02EC 0000000000000000
@02ED 0000000000000000
@02EE 0000000000000000
@02EF 0000000000000000
@02F0 0000000000000000
@02F1 0000000000000000
@02F2 0000000000000000
@02F3 0000000000000000
@02F4 0000000000000000
@02F5 0000000000000000
@02F6 0000000000000000
@02F7 0000000000000000
@02F8 0000000000000000
@02F9 0000000000000000
@02FA 0000000000000000
@02FB 0000000000000000
@02FC 0000000000000000
@02FD 0000000000000000
@02FE 0000000000000000
@02FF 0000000000000000
@0300 0000000000000000
@0301 0000000000000000
@0302 0000000000000000
@0303 0000000000000000
@0304 0000000000000000
@0305 0000000000000000
@0306 0000000000000000
@0307 0000000000000000
@0308 0000000000000000
@0309 0000000000000000
@030A 0000000000000000
@030B 0000000000000000
@030C 0000000000000000
@030D 0000000000000000
@030E 0000000000000000
@030F 0000000000000000
@0310 0000000000000000
@0311 0000000000000000
@0312 0000000000000000
@0313 0000000000000000
@0314 0000000000000000
@0315 0000000000000000
@0316 0000000000000000
@0317 0000000000000000
@0318 0000000000000000
@0319 0000000000000000
@031A 0000000000000000
@031B 0000000000000000
@031C 0000000000000000
@031D 0000000000000000
@031E 0000000000000000
@031F 0000000000000000
@0320 0000000000000000
@0321 0000000000000000
@0322 0000000000000000
@0323 0000000000000000
@0324 0000000000000000
@0325 0000000000000000
@0326 0000000000000000
@0327 0000000000000000
@0328 0000000000000000
@0329 0000000000000000
@032A 0000000000000000
@032B 0000000000000000
@032C 0000000000000000
@032D 0000000000000000
@032E 0000000000000000
@032F 0000000000000000
@0330 0000000000000000
@0331 0000000000000000
@0332 0000000000000000
@0333 0000000000000000
@0334 0000000000000000
@0335 0000000000000000
@0336 0000000000000000
@0337 0000000000000000
@0338 0000000000000000
@0339 0000000000000000
@033A 0000000000000000
@033B 0000000000000000
@033C 0000000000000000
@033D 0000000000000000
@033E 0000000000000000
@033F 0000000000000000
@0340 0000000000000000
@0341 0000000000000000
@0342 0000000000000000
@0343 0000000000000000
@0344 0000000000000000
@0345 0000000000000000
@0346 0000000000000000
@0347 0000000000000000
@0348 0000000000000000
@0349 0000000000000000
@034A 0000000000000000
@034B 0000000000000000
@034C 0000000000000000
@034D 0000000000000000
@034E 0000000000000000
@034F 0000000000000000
@0350 0000000000000000
@0351 0000000000000000
@0352 0000000000000000
@0353 0000000000000000
@0354 0000000000000000
@0355 0000000000000000
@0356 0000000000000000
@0357 0000000000000000
@0358 0000000000000000
@0359 0000000000000000
@035A 0000000000000000
@035B 0000000000000000
@035C 0000000000000000
@035D 0000000000000000
@035E 0000000000000000
@035F 0000000000000000
@0360 0000000000000000
@0361 0000000000000000
@0362 0000000000000000
@0363 0000000000000000
@0364 0000000000000000
@0365 0000000000000000
@0366 0000000000000000
@0367 0000000000000000
@0368 0000000000000000
@0369 0000000000000000
@036A 0000000000000000
@036B 0000000000000000
@036C 0000000000000000
@036D 0000000000000000
@036E 0000000000000000
@036F 0000000000000000
@0370 0000000000000000
@0371 0000000000000000
@0372 0000000000000000
@0373 0000000000000000
@0374 0000000000000000
@0375 0000000000000000
@0376 0000000000000000
@0377 0000000000000000
@0378 0000000000000000
@0379 0000000000000000
@037A 0000000000000000
@037B 0000000000000000
@037C 0000000000000000
@037D 0000000000000000
@037E 0000000000000000
@037F 0000000000000000
@0380 0000000000000000
@0381 0000000000000000
@0382 0000000000000000
@0383 0000000000000000
@0384 0000000000000000
@0385 0000000000000000
@0386 0000000000000000
@0387 0000000000000000
@0388 0000000000000000
@0389 0000000000000000
@038A 0000000000000000
@038B 0000000000000000
@038C 0000000000000000
@038D 0000000000000000
@038E 0000000000000000
@038F 0000000000000000
@0390 0000000000000000
@0391 0000000000000000
@0392 0000000000000000
@0393 0000000000000000
@0394 0000000000000000
@0395 0000000000000000
@0396 0000000000000000
@0397 0000000000000000
@0398 0000000000000000
@0399 0000000000000000
@039A 0000000000000000
@039B 0000000000000000
@039C 0000000000000000
@039D 0000000000000000
@039E 0000000000000000
@039F 0000000000000000
@03A0 0000000000000000
@03A1 0000000000000000
@03A2 0000000000000000
@03A3 0000000000000000
@03A4 0000000000000000
@03A5 0000000000000000
@03A6 0000000000000000
@03A7 0000000000000000
@03A8 0000000000000000
@03A9 0000000000000000
@03AA 0000000000000000
@03AB 0000000000000000
@03AC 0000000000000000
@03AD 0000000000000000
@03AE 0000000000000000
@03AF 0000000000000000
@03B0 0000000000000000
@03B1 0000000000000000
@03B2 0000000000000000
@03B3 0000000000000000
@03B4 0000000000000000
@03B5 0000000000000000
@03B6 0000000000000000
@03B7 0000000000000000
@03B8 0000000000000000
@03B9 0000000000000000
@03BA 0000000000000000
@03BB 0000000000000000
@03BC 0000000000000000
@03BD 0000000000000000
@03BE 0000000000000000
@03BF 0000000000000000
@03C0 0000000000000000
@03C1 0000000000000000
@03C2 0000000000000000
@03C3 0000000000000000
@03C4 0000000000000000
@03C5 0000000000000000
@03C6 0000000000000000
@03C7 0000000000000000
@03C8 0000000000000000
@03C9 0000000000000000
@03CA 0000000000000000
@03CB 0000000000000000
@03CC 0000000000000000
@03CD 0000000000000000
@03CE 0000000000000000
@03CF 0000000000000000
@03D0 0000000000000000
@03D1 0000000000000000
@03D2 0000000000000000
@03D3 0000000000000000
@03D4 0000000000000000
@03D5 0000000000000000
@03D6 0000000000000000
@03D7 0000000000000000
@03D8 0000000000000000
@03D9 0000000000000000
@03DA 0000000000000000
@03DB 0000000000000000
@03DC 0000000000000000
@03DD 0000000000000000
@03DE 0000000000000000
@03DF 0000000000000000
@03E0 0000000000000000
@03E1 0000000000000000
@03E2 0000000000000000
@03E3 0000000000000000
@03E4 0000000000000000
@03E5 0000000000000000
@03E6 0000000000000000
@03E7 0000000000000000
@03E8 0000000000000000
@03E9 0000000000000000
@03EA 0000000000000000
@03EB 0000000000000000
@03EC 0000000000000000
@03ED 0000000000000000
@03EE 0000000000000000
@03EF 0000000000000000
@03F0 0000000000000000
@03F1 0000000000000000
@03F2 0000000000000000
@03F3 0000000000000000
@03F4 0000000000000000
@03F5 0000000000000000
@03F6 0000000000000000
@03F7 0000000000000000
@03F8 0000000000000000
@03F9 0000000000000000
@03FA 0000000000000000
@03FB 0000000000000000
@03FC 0000000000000000
@03FD 0000000000000000
@03FE 0000000000000000
@03FF 0000000000000000
@0400 0000000000000000
@0401 0000000000000000
@0402 0000000000000000
@0403 0000000000000000
@0404 0000000000000000
@0405 0000000000000000
@0406 0000000000000000
@0407 0000000000000000
@0408 0000000000000000
@0409 0000000000000000
@040A 0000000000000000
@040B 0000000000000000
@040C 0000000000000000
@040D 0000000000000000
@040E 0000000000000000
@040F 0000000000000000
@0410 0000000000000000
@0411 0000000000000000
@0412 0000000000000000
@0413 0000000000000000
@0414 0000000000000000
@0415 0000000000000000
@0416 0000000000000000
@0417 0000000000000000
@0418 0000000000000000
@0419 0000000000000000
@041A 0000000000000000
@041B 0000000000000000
@041C 0000000000000000
@041D 0000000000000000
@041E 0000000000000000
@041F 0000000000000000
@0420 0000000000000000
@0421 0000000000000000
@0422 0000000000000000
@0423 0000000000000000
@0424 0000000000000000
@0425 0000000000000000
@0426 0000000000000000
@0427 0000000000000000
@0428 0000000000000000
@0429 0000000000000000
@042A 0000000000000000
@042B 0000000000000000
@042C 0000000000000000
@042D 0000000000000000
@042E 0000000000000000
@042F 0000000000000000
@0430 0000000000000000
@0431 0000000000000000
@0432 0000000000000000
@0433 0000000000000000
@0434 0000000000000000
@0435 0000000000000000
@0436 0000000000000000
@0437 0000000000000000
@0438 0000000000000000
@0439 0000000000000000
@043A 0000000000000000
@043B 0000000000000000
@043C 0000000000000000
@043D 0000000000000000
@043E 0000000000000000
@043F 0000000000000000
@0440 0000000000000000
@0441 0000000000000000
@0442 0000000000000000
@0443 0000000000000000
@0444 0000000000000000
@0445 0000000000000000
@0446 0000000000000000
@0447 0000000000000000
@0448 0000000000000000
@0449 0000000000000000
@044A 0000000000000000
@044B 0000000000000000
@044C 0000000000000000
@044D 0000000000000000
@044E 0000000000000000
@044F 0000000000000000
@0450 0000000000000000
@0451 0000000000000000
@0452 0000000000000000
@0453 0000000000000000
@0454 0000000000000000
@0455 0000000000000000
@0456 0000000000000000
@0457 0000000000000000
@0458 0000000000000000
@0459 0000000000000000
@045A 0000000000000000
@045B 0000000000000000
@045C 0000000000000000
@045D 0000000000000000
@045E 0000000000000000
@045F 0000000000000000
@0460 0000000000000000
@0461 0000000000000000
@0462 0000000000000000
@0463 0000000000000000
@0464 0000000000000000
@0465 0000000000000000
@0466 0000000000000000
@0467 0000000000000000
@0468 0000000000000000
@0469 0000000000000000
@046A 0000000000000000
@046B 0000000000000000
@046C 0000000000000000
@046D 0000000000000000
@046E 0000000000000000
@046F 0000000000000000
@0470 0000000000000000
@0471 0000000000000000
@0472 0000000000000000
@0473 0000000000000000
@0474 0000000000000000
@0475 0000000000000000
@0476 0000000000000000
@0477 0000000000000000
@0478 0000000000000000
@0479 0000000000000000
@047A 0000000000000000
@047B 0000000000000000
@047C 0000000000000000
@047D 0000000000000000
@047E 0000000000000000
@047F 0000000000000000
@0480 0000000000000000
@0481 0000000000000000
@0482 0000000000000000
@0483 0000000000000000
@0484 0000000000000000
@0485 0000000000000000
@0486 0000000000000000
@0487 0000000000000000
@0488 0000000000000000
@0489 0000000000000000
@048A 0000000000000000
@048B 0000000000000000
@048C 0000000000000000
@048D 0000000000000000
@048E 0000000000000000
@048F 0000000000000000
@0490 0000000000000000
@0491 0000000000000000
@0492 0000000000000000
@0493 0000000000000000
@0494 0000000000000000
@0495 0000000000000000
@0496 0000000000000000
@0497 0000000000000000
@0498 0000000000000000
@0499 0000000000000000
@049A 0000000000000000
@049B 0000000000000000
@049C 0000000000000000
@049D 0000000000000000
@049E 0000000000000000
@049F 0000000000000000
@04A0 0000000000000000
@04A1 0000000000000000
@04A2 0000000000000000
@04A3 0000000000000000
@04A4 0000000000000000
@04A5 0000000000000000
@04A6 0000000000000000
@04A7 0000000000000000
@04A8 0000000000000000
@04A9 0000000000000000
@04AA 0000000000000000
@04AB 0000000000000000
@04AC 0000000000000000
@04AD 0000000000000000
@04AE 0000000000000000
@04AF 0000000000000000
@04B0 0000000000000000
@04B1 0000000000000000
@04B2 0000000000000000
@04B3 0000000000000000
@04B4 0000000000000000
@04B5 0000000000000000
@04B6 0000000000000000
@04B7 0000000000000000
@04B8 0000000000000000
@04B9 0000000000000000
@04BA 0000000000000000
@04BB 0000000000000000
@04BC 0000000000000000
@04BD 0000000000000000
@04BE 0000000000000000
@04BF 0000000000000000
@04C0 0000000000000000
@04C1 0000000000000000
@04C2 0000000000000000
@04C3 0000000000000000
@04C4 0000000000000000
@04C5 0000000000000000
@04C6 0000000000000000
@04C7 0000000000000000
@04C8 0000000000000000
@04C9 0000000000000000
@04CA 0000000000000000
@04CB 0000000000000000
@04CC 0000000000000000
@04CD 0000000000000000
@04CE 0000000000000000
@04CF 0000000000000000
@04D0 0000000000000000
@04D1 0000000000000000
@04D2 0000000000000000
@04D3 0000000000000000
@04D4 0000000000000000
@04D5 0000000000000000
@04D6 0000000000000000
@04D7 0000000000000000
@04D8 0000000000000000
@04D9 0000000000000000
@04DA 0000000000000000
@04DB 0000000000000000
@04DC 0000000000000000
@04DD 0000000000000000
@04DE 0000000000000000
@04DF 0000000000000000
@04E0 0000000000000000
@04E1 0000000000000000
@04E2 0000000000000000
@04E3 0000000000000000
@04E4 0000000000000000
@04E5 0000000000000000
@04E6 0000000000000000
@04E7 0000000000000000
@04E8 0000000000000000
@04E9 0000000000000000
@04EA 0000000000000000
@04EB 0000000000000000
@04EC 0000000000000000
@04ED 0000000000000000
@04EE 0000000000000000
@04EF 0000000000000000
@04F0 0000000000000000
@04F1 0000000000000000
@04F2 0000000000000000
@04F3 0000000000000000
@04F4 0000000000000000
@04F5 0000000000000000
@04F6 0000000000000000
@04F7 0000000000000000
@04F8 0000000000000000
@04F9 0000000000000000
@04FA 0000000000000000
@04FB 0000000000000000
@04FC 0000000000000000
@04FD 0000000000000000
@04FE 0000000000000000
@04FF 0000000000000000
@0500 0000000000000000
@0501 0000000000000000
@0502 0000000000000000
@0503 0000000000000000
@0504 0000000000000000
@0505 0000000000000000
@0506 0000000000000000
@0507 0000000000000000
@0508 0000000000000000
@0509 0000000000000000
@050A 0000000000000000
@050B 0000000000000000
@050C 0000000000000000
@050D 0000000000000000
@050E 0000000000000000
@050F 0000000000000000
@0510 0000000000000000
@0511 0000000000000000
@0512 0000000000000000
@0513 0000000000000000
@0514 0000000000000000
@0515 0000000000000000
@0516 0000000000000000
@0517 0000000000000000
@0518 0000000000000000
@0519 0000000000000000
@051A 0000000000000000
@051B 0000000000000000
@051C 0000000000000000
@051D 0000000000000000
@051E 0000000000000000
@051F 0000000000000000
@0520 0000000000000000
@0521 0000000000000000
@0522 0000000000000000
@0523 0000000000000000
@0524 0000000000000000
@0525 0000000000000000
@0526 0000000000000000
@0527 0000000000000000
@0528 0000000000000000
@0529 0000000000000000
@052A 0000000000000000
@052B 0000000000000000
@052C 0000000000000000
@052D 0000000000000000
@052E 0000000000000000
@052F 0000000000000000
@0530 0000000000000000
@0531 0000000000000000
@0532 0000000000000000
@0533 0000000000000000
@0534 0000000000000000
@0535 0000000000000000
@0536 0000000000000000
@0537 0000000000000000
@0538 0000000000000000
@0539 0000000000000000
@053A 0000000000000000
@053B 0000000000000000
@053C 0000000000000000
@053D 0000000000000000
@053E 0000000000000000
@053F 0000000000000000
@0540 0000000000000000
@0541 0000000000000000
@0542 0000000000000000
@0543 0000000000000000
@0544 0000000000000000
@0545 0000000000000000
@0546 0000000000000000
@0547 0000000000000000
@0548 0000000000000000
@0549 0000000000000000
@054A 0000000000000000
@054B 0000000000000000
@054C 0000000000000000
@054D 0000000000000000
@054E 0000000000000000
@054F 0000000000000000
@0550 0000000000000000
@0551 0000000000000000
@0552 0000000000000000
@0553 0000000000000000
@0554 0000000000000000
@0555 0000000000000000
@0556 0000000000000000
@0557 0000000000000000
@0558 0000000000000000
@0559 0000000000000000
@055A 0000000000000000
@055B 0000000000000000
@055C 0000000000000000
@055D 0000000000000000
@055E 0000000000000000
@055F 0000000000000000
@0560 0000000000000000
@0561 0000000000000000
@0562 0000000000000000
@0563 0000000000000000
@0564 0000000000000000
@0565 0000000000000000
@0566 0000000000000000
@0567 0000000000000000
@0568 0000000000000000
@0569 0000000000000000
@056A 0000000000000000
@056B 0000000000000000
@056C 0000000000000000
@056D 0000000000000000
@056E 0000000000000000
@056F 0000000000000000
@0570 0000000000000000
@0571 0000000000000000
@0572 0000000000000000
@0573 0000000000000000
@0574 0000000000000000
@0575 0000000000000000
@0576 0000000000000000
@0577 0000000000000000
@0578 0000000000000000
@0579 0000000000000000
@057A 0000000000000000
@057B 0000000000000000
@057C 0000000000000000
@057D 0000000000000000
@057E 0000000000000000
@057F 0000000000000000
@0580 0000000000000000
@0581 0000000000000000
@0582 0000000000000000
@0583 0000000000000000
@0584 0000000000000000
@0585 0000000000000000
@0586 0000000000000000
@0587 0000000000000000
@0588 0000000000000000
@0589 0000000000000000
@058A 0000000000000000
@058B 0000000000000000
@058C 0000000000000000
@058D 0000000000000000
@058E 0000000000000000
@058F 0000000000000000
@0590 0000000000000000
@0591 0000000000000000
@0592 0000000000000000
@0593 0000000000000000
@0594 0000000000000000
@0595 0000000000000000
@0596 0000000000000000
@0597 0000000000000000
@0598 0000000000000000
@0599 0000000000000000
@059A 0000000000000000
@059B 0000000000000000
@059C 0000000000000000
@059D 0000000000000000
@059E 0000000000000000
@059F 0000000000000000
@05A0 0000000000000000
@05A1 0000000000000000
@05A2 0000000000000000
@05A3 0000000000000000
@05A4 0000000000000000
@05A5 0000000000000000
@05A6 0000000000000000
@05A7 0000000000000000
@05A8 0000000000000000
@05A9 0000000000000000
@05AA 0000000000000000
@05AB 0000000000000000
@05AC 0000000000000000
@05AD 0000000000000000
@05AE 0000000000000000
@05AF 0000000000000000
@05B0 0000000000000000
@05B1 0000000000000000
@05B2 0000000000000000
@05B3 0000000000000000
@05B4 0000000000000000
@05B5 0000000000000000
@05B6 0000000000000000
@05B7 0000000000000000
@05B8 0000000000000000
@05B9 0000000000000000
@05BA 0000000000000000
@05BB 0000000000000000
@05BC 0000000000000000
@05BD 0000000000000000
@05BE 0000000000000000
@05BF 0000000000000000
@05C0 0000000000000000
@05C1 0000000000000000
@05C2 0000000000000000
@05C3 0000000000000000
@05C4 0000000000000000
@05C5 0000000000000000
@05C6 0000000000000000
@05C7 0000000000000000
@05C8 0000000000000000
@05C9 0000000000000000
@05CA 0000000000000000
@05CB 0000000000000000
@05CC 0000000000000000
@05CD 0000000000000000
@05CE 0000000000000000
@05CF 0000000000000000
@05D0 0000000000000000
@05D1 0000000000000000
@05D2 0000000000000000
@05D3 0000000000000000
@05D4 0000000000000000
@05D5 0000000000000000
@05D6 0000000000000000
@05D7 0000000000000000
@05D8 0000000000000000
@05D9 0000000000000000
@05DA 0000000000000000
@05DB 0000000000000000
@05DC 0000000000000000
@05DD 0000000000000000
@05DE 0000000000000000
@05DF 0000000000000000
@05E0 0000000000000000
@05E1 0000000000000000
@05E2 0000000000000000
@05E3 0000000000000000
@05E4 0000000000000000
@05E5 0000000000000000
@05E6 0000000000000000
@05E7 0000000000000000
@05E8 0000000000000000
@05E9 0000000000000000
@05EA 0000000000000000
@05EB 0000000000000000
@05EC 0000000000000000
@05ED 0000000000000000
@05EE 0000000000000000
@05EF 0000000000000000
@05F0 0000000000000000
@05F1 0000000000000000
@05F2 0000000000000000
@05F3 0000000000000000
@05F4 0000000000000000
@05F5 0000000000000000
@05F6 0000000000000000
@05F7 0000000000000000
@05F8 0000000000000000
@05F9 0000000000000000
@05FA 0000000000000000
@05FB 0000000000000000
@05FC 0000000000000000
@05FD 0000000000000000
@05FE 0000000000000000
@05FF 0000000000000000
@0600 0000000000000000
@0601 0000000000000000
@0602 0000000000000000
@0603 0000000000000000
@0604 0000000000000000
@0605 0000000000000000
@0606 0000000000000000
@0607 0000000000000000
@0608 0000000000000000
@0609 0000000000000000
@060A 0000000000000000
@060B 0000000000000000
@060C 0000000000000000
@060D 0000000000000000
@060E 0000000000000000
@060F 0000000000000000
@0610 0000000000000000
@0611 0000000000000000
@0612 0000000000000000
@0613 0000000000000000
@0614 0000000000000000
@0615 0000000000000000
@0616 0000000000000000
@0617 0000000000000000
@0618 0000000000000000
@0619 0000000000000000
@061A 0000000000000000
@061B 0000000000000000
@061C 0000000000000000
@061D 0000000000000000
@061E 0000000000000000
@061F 0000000000000000
@0620 0000000000000000
@0621 0000000000000000
@0622 0000000000000000
@0623 0000000000000000
@0624 0000000000000000
@0625 0000000000000000
@0626 0000000000000000
@0627 0000000000000000
@0628 0000000000000000
@0629 0000000000000000
@062A 0000000000000000
@062B 0000000000000000
@062C 0000000000000000
@062D 0000000000000000
@062E 0000000000000000
@062F 0000000000000000
@0630 0000000000000000
@0631 0000000000000000
@0632 0000000000000000
@0633 0000000000000000
@0634 0000000000000000
@0635 0000000000000000
@0636 0000000000000000
@0637 0000000000000000
@0638 0000000000000000
@0639 0000000000000000
@063A 0000000000000000
@063B 0000000000000000
@063C 0000000000000000
@063D 0000000000000000
@063E 0000000000000000
@063F 0000000000000000
@0640 0000000000000000
@0641 0000000000000000
@0642 0000000000000000
@0643 0000000000000000
@0644 0000000000000000
@0645 0000000000000000
@0646 0000000000000000
@0647 0000000000000000
@0648 0000000000000000
@0649 0000000000000000
@064A 0000000000000000
@064B 0000000000000000
@064C 0000000000000000
@064D 0000000000000000
@064E 0000000000000000
@064F 0000000000000000
@0650 0000000000000000
@0651 0000000000000000
@0652 0000000000000000
@0653 0000000000000000
@0654 0000000000000000
@0655 0000000000000000
@0656 0000000000000000
@0657 0000000000000000
@0658 0000000000000000
@0659 0000000000000000
@065A 0000000000000000
@065B 0000000000000000
@065C 0000000000000000
@065D 0000000000000000
@065E 0000000000000000
@065F 0000000000000000
@0660 0000000000000000
@0661 0000000000000000
@0662 0000000000000000
@0663 0000000000000000
@0664 0000000000000000
@0665 0000000000000000
@0666 0000000000000000
@0667 0000000000000000
@0668 0000000000000000
@0669 0000000000000000
@066A 0000000000000000
@066B 0000000000000000
@066C 0000000000000000
@066D 0000000000000000
@066E 0000000000000000
@066F 0000000000000000
@0670 0000000000000000
@0671 0000000000000000
@0672 0000000000000000
@0673 0000000000000000
@0674 0000000000000000
@0675 0000000000000000
@0676 0000000000000000
@0677 0000000000000000
@0678 0000000000000000
@0679 0000000000000000
@067A 0000000000000000
@067B 0000000000000000
@067C 0000000000000000
@067D 0000000000000000
@067E 0000000000000000
@067F 0000000000000000
@0680 0000000000000000
@0681 0000000000000000
@0682 0000000000000000
@0683 0000000000000000
@0684 0000000000000000
@0685 0000000000000000
@0686 0000000000000000
@0687 0000000000000000
@0688 0000000000000000
@0689 0000000000000000
@068A 0000000000000000
@068B 0000000000000000
@068C 0000000000000000
@068D 0000000000000000
@068E 0000000000000000
@068F 0000000000000000
@0690 0000000000000000
@0691 0000000000000000
@0692 0000000000000000
@0693 0000000000000000
@0694 0000000000000000
@0695 0000000000000000
@0696 0000000000000000
@0697 0000000000000000
@0698 0000000000000000
@0699 0000000000000000
@069A 0000000000000000
@069B 0000000000000000
@069C 0000000000000000
@069D 0000000000000000
@069E 0000000000000000
@069F 0000000000000000
@06A0 0000000000000000
@06A1 0000000000000000
@06A2 0000000000000000
@06A3 0000000000000000
@06A4 0000000000000000
@06A5 0000000000000000
@06A6 0000000000000000
@06A7 0000000000000000
@06A8 0000000000000000
@06A9 0000000000000000
@06AA 0000000000000000
@06AB 0000000000000000
@06AC 0000000000000000
@06AD 0000000000000000
@06AE 0000000000000000
@06AF 0000000000000000
@06B0 0000000000000000
@06B1 0000000000000000
@06B2 0000000000000000
@06B3 0000000000000000
@06B4 0000000000000000
@06B5 0000000000000000
@06B6 0000000000000000
@06B7 0000000000000000
@06B8 0000000000000000
@06B9 0000000000000000
@06BA 0000000000000000
@06BB 0000000000000000
@06BC 0000000000000000
@06BD 0000000000000000
@06BE 0000000000000000
@06BF 0000000000000000
@06C0 0000000000000000
@06C1 0000000000000000
@06C2 0000000000000000
@06C3 0000000000000000
@06C4 0000000000000000
@06C5 0000000000000000
@06C6 0000000000000000
@06C7 0000000000000000
@06C8 0000000000000000
@06C9 0000000000000000
@06CA 0000000000000000
@06CB 0000000000000000
@06CC 0000000000000000
@06CD 0000000000000000
@06CE 0000000000000000
@06CF 0000000000000000
@06D0 0000000000000000
@06D1 0000000000000000
@06D2 0000000000000000
@06D3 0000000000000000
@06D4 0000000000000000
@06D5 0000000000000000
@06D6 0000000000000000
@06D7 0000000000000000
@06D8 0000000000000000
@06D9 0000000000000000
@06DA 0000000000000000
@06DB 0000000000000000
@06DC 0000000000000000
@06DD 0000000000000000
@06DE 0000000000000000
@06DF 0000000000000000
@06E0 0000000000000000
@06E1 0000000000000000
@06E2 0000000000000000
@06E3 0000000000000000
@06E4 0000000000000000
@06E5 0000000000000000
@06E6 0000000000000000
@06E7 0000000000000000
@06E8 0000000000000000
@06E9 0000000000000000
@06EA 0000000000000000
@06EB 0000000000000000
@06EC 0000000000000000
@06ED 0000000000000000
@06EE 0000000000000000
@06EF 0000000000000000
@06F0 0000000000000000
@06F1 0000000000000000
@06F2 0000000000000000
@06F3 0000000000000000
@06F4 0000000000000000
@06F5 0000000000000000
@06F6 0000000000000000
@06F7 0000000000000000
@06F8 0000000000000000
@06F9 0000000000000000
@06FA 0000000000000000
@06FB 0000000000000000
@06FC 0000000000000000
@06FD 0000000000000000
@06FE 0000000000000000
@06FF 0000000000000000
@0700 0000000000000000
@0701 0000000000000000
@0702 0000000000000000
@0703 0000000000000000
@0704 0000000000000000
@0705 0000000000000000
@0706 0000000000000000
@0707 0000000000000000
@0708 0000000000000000
@0709 0000000000000000
@070A 0000000000000000
@070B 0000000000000000
@070C 0000000000000000
@070D 0000000000000000
@070E 0000000000000000
@070F 0000000000000000
@0710 0000000000000000
@0711 0000000000000000
@0712 0000000000000000
@0713 0000000000000000
@0714 0000000000000000
@0715 0000000000000000
@0716 0000000000000000
@0717 0000000000000000
@0718 0000000000000000
@0719 0000000000000000
@071A 0000000000000000
@071B 0000000000000000
@071C 0000000000000000
@071D 0000000000000000
@071E 0000000000000000
@071F 0000000000000000
@0720 0000000000000000
@0721 0000000000000000
@0722 0000000000000000
@0723 0000000000000000
@0724 0000000000000000
@0725 0000000000000000
@0726 0000000000000000
@0727 0000000000000000
@0728 0000000000000000
@0729 0000000000000000
@072A 0000000000000000
@072B 0000000000000000
@072C 0000000000000000
@072D 0000000000000000
@072E 0000000000000000
@072F 0000000000000000
@0730 0000000000000000
@0731 0000000000000000
@0732 0000000000000000
@0733 0000000000000000
@0734 0000000000000000
@0735 0000000000000000
@0736 0000000000000000
@0737 0000000000000000
@0738 0000000000000000
@0739 0000000000000000
@073A 0000000000000000
@073B 0000000000000000
@073C 0000000000000000
@073D 0000000000000000
@073E 0000000000000000
@073F 0000000000000000
@0740 0000000000000000
@0741 0000000000000000
@0742 0000000000000000
@0743 0000000000000000
@0744 0000000000000000
@0745 0000000000000000
@0746 0000000000000000
@0747 0000000000000000
@0748 0000000000000000
@0749 0000000000000000
@074A 0000000000000000
@074B 0000000000000000
@074C 0000000000000000
@074D 0000000000000000
@074E 0000000000000000
@074F 0000000000000000
@0750 0000000000000000
@0751 0000000000000000
@0752 0000000000000000
@0753 0000000000000000
@0754 0000000000000000
@0755 0000000000000000
@0756 0000000000000000
@0757 0000000000000000
@0758 0000000000000000
@0759 0000000000000000
@075A 0000000000000000
@075B 0000000000000000
@075C 0000000000000000
@075D 0000000000000000
@075E 0000000000000000
@075F 0000000000000000
@0760 0000000000000000
@0761 0000000000000000
@0762 0000000000000000
@0763 0000000000000000
@0764 0000000000000000
@0765 0000000000000000
@0766 0000000000000000
@0767 0000000000000000
@0768 0000000000000000
@0769 0000000000000000
@076A 0000000000000000
@076B 0000000000000000
@076C 0000000000000000
@076D 0000000000000000
@076E 0000000000000000
@076F 0000000000000000
@0770 0000000000000000
@0771 0000000000000000
@0772 0000000000000000
@0773 0000000000000000
@0774 0000000000000000
@0775 0000000000000000
@0776 0000000000000000
@0777 0000000000000000
@0778 0000000000000000
@0779 0000000000000000
@077A 0000000000000000
@077B 0000000000000000
@077C 0000000000000000
@077D 0000000000000000
@077E 0000000000000000
@077F 0000000000000000
@0780 0000000000000000
@0781 0000000000000000
@0782 0000000000000000
@0783 0000000000000000
@0784 0000000000000000
@0785 0000000000000000
@0786 0000000000000000
@0787 0000000000000000
@0788 0000000000000000
@0789 0000000000000000
@078A 0000000000000000
@078B 0000000000000000
@078C 0000000000000000
@078D 0000000000000000
@078E 0000000000000000
@078F 0000000000000000
@0790 0000000000000000
@0791 0000000000000000
@0792 0000000000000000
@0793 0000000000000000
@0794 0000000000000000
@0795 0000000000000000
@0796 0000000000000000
@0797 0000000000000000
@0798 0000000000000000
@0799 0000000000000000
@079A 0000000000000000
@079B 0000000000000000
@079C 0000000000000000
@079D 0000000000000000
@079E 0000000000000000
@079F 0000000000000000
@07A0 0000000000000000
@07A1 0000000000000000
@07A2 0000000000000000
@07A3 0000000000000000
@07A4 0000000000000000
@07A5 0000000000000000
@07A6 0000000000000000
@07A7 0000000000000000
@07A8 0000000000000000
@07A9 0000000000000000
@07AA 0000000000000000
@07AB 0000000000000000
@07AC 0000000000000000
@07AD 0000000000000000
@07AE 0000000000000000
@07AF 0000000000000000
@07B0 0000000000000000
@07B1 0000000000000000
@07B2 0000000000000000
@07B3 0000000000000000
@07B4 0000000000000000
@07B5 0000000000000000
@07B6 0000000000000000
@07B7 0000000000000000
@07B8 0000000000000000
@07B9 0000000000000000
@07BA 0000000000000000
@07BB 0000000000000000
@07BC 0000000000000000
@07BD 0000000000000000
@07BE 0000000000000000
@07BF 0000000000000000
@07C0 0000000000000000
@07C1 0000000000000000
@07C2 0000000000000000
@07C3 0000000000000000
@07C4 0000000000000000
@07C5 0000000000000000
@07C6 0000000000000000
@07C7 0000000000000000
@07C8 0000000000000000
@07C9 0000000000000000
@07CA 0000000000000000
@07CB 0000000000000000
@07CC 0000000000000000
@07CD 0000000000000000
@07CE 0000000000000000
@07CF 0000000000000000
@07D0 0000000000000000
@07D1 0000000000000000
@07D2 0000000000000000
@07D3 0000000000000000
@07D4 0000000000000000
@07D5 0000000000000000
@07D6 0000000000000000
@07D7 0000000000000000
@07D8 0000000000000000
@07D9 0000000000000000
@07DA 0000000000000000
@07DB 0000000000000000
@07DC 0000000000000000
@07DD 0000000000000000
@07DE 0000000000000000
@07DF 0000000000000000
@07E0 0000000000000000
@07E1 0000000000000000
@07E2 0000000000000000
@07E3 0000000000000000
@07E4 0000000000000000
@07E5 0000000000000000
@07E6 0000000000000000
@07E7 0000000000000000
@07E8 0000000000000000
@07E9 0000000000000000
@07EA 0000000000000000
@07EB 0000000000000000
@07EC 0000000000000000
@07ED 0000000000000000
@07EE 0000000000000000
@07EF 0000000000000000
@07F0 0000000000000000
@07F1 0000000000000000
@07F2 0000000000000000
@07F3 0000000000000000
@07F4 0000000000000000
@07F5 0000000000000000
@07F6 0000000000000000
@07F7 0000000000000000
@07F8 0000000000000000
@07F9 0000000000000000
@07FA 0000000000000000
@07FB 0000000000000000
@07FC 0000000000000000
@07FD 0000000000000000
@07FE 0000000000000000
@07FF 0000000000000000
@0800 0000000000000000
@0801 0000000000000000
@0802 0000000000000000
@0803 0000000000000000
@0804 0000000000000000
@0805 0000000000000000
@0806 0000000000000000
@0807 0000000000000000
@0808 0000000000000000
@0809 0000000000000000
@080A 0000000000000000
@080B 0000000000000000
@080C 0000000000000000
@080D 0000000000000000
@080E 0000000000000000
@080F 0000000000000000
@0810 0000000000000000
@0811 0000000000000000
@0812 0000000000000000
@0813 0000000000000000
@0814 0000000000000000
@0815 0000000000000000
@0816 0000000000000000
@0817 0000000000000000
@0818 0000000000000000
@0819 0000000000000000
@081A 0000000000000000
@081B 0000000000000000
@081C 0000000000000000
@081D 0000000000000000
@081E 0000000000000000
@081F 0000000000000000
@0820 0000000000000000
@0821 0000000000000000
@0822 0000000000000000
@0823 0000000000000000
@0824 0000000000000000
@0825 0000000000000000
@0826 0000000000000000
@0827 0000000000000000
@0828 0000000000000000
@0829 0000000000000000
@082A 0000000000000000
@082B 0000000000000000
@082C 0000000000000000
@082D 0000000000000000
@082E 0000000000000000
@082F 0000000000000000
@0830 0000000000000000
@0831 0000000000000000
@0832 0000000000000000
@0833 0000000000000000
@0834 0000000000000000
@0835 0000000000000000
@0836 0000000000000000
@0837 0000000000000000
@0838 0000000000000000
@0839 0000000000000000
@083A 0000000000000000
@083B 0000000000000000
@083C 0000000000000000
@083D 0000000000000000
@083E 0000000000000000
@083F 0000000000000000
@0840 0000000000000000
@0841 0000000000000000
@0842 0000000000000000
@0843 0000000000000000
@0844 0000000000000000
@0845 0000000000000000
@0846 0000000000000000
@0847 0000000000000000
@0848 0000000000000000
@0849 0000000000000000
@084A 0000000000000000
@084B 0000000000000000
@084C 0000000000000000
@084D 0000000000000000
@084E 0000000000000000
@084F 0000000000000000
@0850 0000000000000000
@0851 0000000000000000
@0852 0000000000000000
@0853 0000000000000000
@0854 0000000000000000
@0855 0000000000000000
@0856 0000000000000000
@0857 0000000000000000
@0858 0000000000000000
@0859 0000000000000000
@085A 0000000000000000
@085B 0000000000000000
@085C 0000000000000000
@085D 0000000000000000
@085E 0000000000000000
@085F 0000000000000000
@0860 0000000000000000
@0861 0000000000000000
@0862 0000000000000000
@0863 0000000000000000
@0864 0000000000000000
@0865 0000000000000000
@0866 0000000000000000
@0867 0000000000000000
@0868 0000000000000000
@0869 0000000000000000
@086A 0000000000000000
@086B 0000000000000000
@086C 0000000000000000
@086D 0000000000000000
@086E 0000000000000000
@086F 0000000000000000
@0870 0000000000000000
@0871 0000000000000000
@0872 0000000000000000
@0873 0000000000000000
@0874 0000000000000000
@0875 0000000000000000
@0876 0000000000000000
@0877 0000000000000000
@0878 0000000000000000
@0879 0000000000000000
@087A 0000000000000000
@087B 0000000000000000
@087C 0000000000000000
@087D 0000000000000000
@087E 0000000000000000
@087F 0000000000000000
@0880 0000000000000000
@0881 0000000000000000
@0882 0000000000000000
@0883 0000000000000000
@0884 0000000000000000
@0885 0000000000000000
@0886 0000000000000000
@0887 0000000000000000
@0888 0000000000000000
@0889 0000000000000000
@088A 0000000000000000
@088B 0000000000000000
@088C 0000000000000000
@088D 0000000000000000
@088E 0000000000000000
@088F 0000000000000000
@0890 0000000000000000
@0891 0000000000000000
@0892 0000000000000000
@0893 0000000000000000
@0894 0000000000000000
@0895 0000000000000000
@0896 0000000000000000
@0897 0000000000000000
@0898 0000000000000000
@0899 0000000000000000
@089A 0000000000000000
@089B 0000000000000000
@089C 0000000000000000
@089D 0000000000000000
@089E 0000000000000000
@089F 0000000000000000
@08A0 0000000000000000
@08A1 0000000000000000
@08A2 0000000000000000
@08A3 0000000000000000
@08A4 0000000000000000
@08A5 0000000000000000
@08A6 0000000000000000
@08A7 0000000000000000
@08A8 0000000000000000
@08A9 0000000000000000
@08AA 0000000000000000
@08AB 0000000000000000
@08AC 0000000000000000
@08AD 0000000000000000
@08AE 0000000000000000
@08AF 0000000000000000
@08B0 0000000000000000
@08B1 0000000000000000
@08B2 0000000000000000
@08B3 0000000000000000
@08B4 0000000000000000
@08B5 0000000000000000
@08B6 0000000000000000
@08B7 0000000000000000
@08B8 0000000000000000
@08B9 0000000000000000
@08BA 0000000000000000
@08BB 0000000000000000
@08BC 0000000000000000
@08BD 0000000000000000
@08BE 0000000000000000
@08BF 0000000000000000
@08C0 0000000000000000
@08C1 0000000000000000
@08C2 0000000000000000
@08C3 0000000000000000
@08C4 0000000000000000
@08C5 0000000000000000
@08C6 0000000000000000
@08C7 0000000000000000
@08C8 0000000000000000
@08C9 0000000000000000
@08CA 0000000000000000
@08CB 0000000000000000
@08CC 0000000000000000
@08CD 0000000000000000
@08CE 0000000000000000
@08CF 0000000000000000
@08D0 0000000000000000
@08D1 0000000000000000
@08D2 0000000000000000
@08D3 0000000000000000
@08D4 0000000000000000
@08D5 0000000000000000
@08D6 0000000000000000
@08D7 0000000000000000
@08D8 0000000000000000
@08D9 0000000000000000
@08DA 0000000000000000
@08DB 0000000000000000
@08DC 0000000000000000
@08DD 0000000000000000
@08DE 0000000000000000
@08DF 0000000000000000
@08E0 0000000000000000
@08E1 0000000000000000
@08E2 0000000000000000
@08E3 0000000000000000
@08E4 0000000000000000
@08E5 0000000000000000
@08E6 0000000000000000
@08E7 0000000000000000
@08E8 0000000000000000
@08E9 0000000000000000
@08EA 0000000000000000
@08EB 0000000000000000
@08EC 0000000000000000
@08ED 0000000000000000
@08EE 0000000000000000
@08EF 0000000000000000
@08F0 0000000000000000
@08F1 0000000000000000
@08F2 0000000000000000
@08F3 0000000000000000
@08F4 0000000000000000
@08F5 0000000000000000
@08F6 0000000000000000
@08F7 0000000000000000
@08F8 0000000000000000
@08F9 0000000000000000
@08FA 0000000000000000
@08FB 0000000000000000
@08FC 0000000000000000
@08FD 0000000000000000
@08FE 0000000000000000
@08FF 0000000000000000
@0900 0000000000000000
@0901 0000000000000000
@0902 0000000000000000
@0903 0000000000000000
@0904 0000000000000000
@0905 0000000000000000
@0906 0000000000000000
@0907 0000000000000000
@0908 0000000000000000
@0909 0000000000000000
@090A 0000000000000000
@090B 0000000000000000
@090C 0000000000000000
@090D 0000000000000000
@090E 0000000000000000
@090F 0000000000000000
@0910 0000000000000000
@0911 0000000000000000
@0912 0000000000000000
@0913 0000000000000000
@0914 0000000000000000
@0915 0000000000000000
@0916 0000000000000000
@0917 0000000000000000
@0918 0000000000000000
@0919 0000000000000000
@091A 0000000000000000
@091B 0000000000000000
@091C 0000000000000000
@091D 0000000000000000
@091E 0000000000000000
@091F 0000000000000000
@0920 0000000000000000
@0921 0000000000000000
@0922 0000000000000000
@0923 0000000000000000
@0924 0000000000000000
@0925 0000000000000000
@0926 0000000000000000
@0927 0000000000000000
@0928 0000000000000000
@0929 0000000000000000
@092A 0000000000000000
@092B 0000000000000000
@092C 0000000000000000
@092D 0000000000000000
@092E 0000000000000000
@092F 0000000000000000
@0930 0000000000000000
@0931 0000000000000000
@0932 0000000000000000
@0933 0000000000000000
@0934 0000000000000000
@0935 0000000000000000
@0936 0000000000000000
@0937 0000000000000000
@0938 0000000000000000
@0939 0000000000000000
@093A 0000000000000000
@093B 0000000000000000
@093C 0000000000000000
@093D 0000000000000000
@093E 0000000000000000
@093F 0000000000000000
@0940 0000000000000000
@0941 0000000000000000
@0942 0000000000000000
@0943 0000000000000000
@0944 0000000000000000
@0945 0000000000000000
@0946 0000000000000000
@0947 0000000000000000
@0948 0000000000000000
@0949 0000000000000000
@094A 0000000000000000
@094B 0000000000000000
@094C 0000000000000000
@094D 0000000000000000
@094E 0000000000000000
@094F 0000000000000000
@0950 0000000000000000
@0951 0000000000000000
@0952 0000000000000000
@0953 0000000000000000
@0954 0000000000000000
@0955 0000000000000000
@0956 0000000000000000
@0957 0000000000000000
@0958 0000000000000000
@0959 0000000000000000
@095A 0000000000000000
@095B 0000000000000000
@095C 0000000000000000
@095D 0000000000000000
@095E 0000000000000000
@095F 0000000000000000
@0960 0000000000000000
@0961 0000000000000000
@0962 0000000000000000
@0963 0000000000000000
@0964 0000000000000000
@0965 0000000000000000
@0966 0000000000000000
@0967 0000000000000000
@0968 0000000000000000
@0969 0000000000000000
@096A 0000000000000000
@096B 0000000000000000
@096C 0000000000000000
@096D 0000000000000000
@096E 0000000000000000
@096F 0000000000000000
@0970 0000000000000000
@0971 0000000000000000
@0972 0000000000000000
@0973 0000000000000000
@0974 0000000000000000
@0975 0000000000000000
@0976 0000000000000000
@0977 0000000000000000
@0978 0000000000000000
@0979 0000000000000000
@097A 0000000000000000
@097B 0000000000000000
@097C 0000000000000000
@097D 0000000000000000
@097E 0000000000000000
@097F 0000000000000000
@0980 0000000000000000
@0981 0000000000000000
@0982 0000000000000000
@0983 0000000000000000
@0984 0000000000000000
@0985 0000000000000000
@0986 0000000000000000
@0987 0000000000000000
@0988 0000000000000000
@0989 0000000000000000
@098A 0000000000000000
@098B 0000000000000000
@098C 0000000000000000
@098D 0000000000000000
@098E 0000000000000000
@098F 0000000000000000
@0990 0000000000000000
@0991 0000000000000000
@0992 0000000000000000
@0993 0000000000000000
@0994 0000000000000000
@0995 0000000000000000
@0996 0000000000000000
@0997 0000000000000000
@0998 0000000000000000
@0999 0000000000000000
@099A 0000000000000000
@099B 0000000000000000
@099C 0000000000000000
@099D 0000000000000000
@099E 0000000000000000
@099F 0000000000000000
@09A0 0000000000000000
@09A1 0000000000000000
@09A2 0000000000000000
@09A3 0000000000000000
@09A4 0000000000000000
@09A5 0000000000000000
@09A6 0000000000000000
@09A7 0000000000000000
@09A8 0000000000000000
@09A9 0000000000000000
@09AA 0000000000000000
@09AB 0000000000000000
@09AC 0000000000000000
@09AD 0000000000000000
@09AE 0000000000000000
@09AF 0000000000000000
@09B0 0000000000000000
@09B1 0000000000000000
@09B2 0000000000000000
@09B3 0000000000000000
@09B4 0000000000000000
@09B5 0000000000000000
@09B6 0000000000000000
@09B7 0000000000000000
@09B8 0000000000000000
@09B9 0000000000000000
@09BA 0000000000000000
@09BB 0000000000000000
@09BC 0000000000000000
@09BD 0000000000000000
@09BE 0000000000000000
@09BF 0000000000000000
@09C0 0000000000000000
@09C1 0000000000000000
@09C2 0000000000000000
@09C3 0000000000000000
@09C4 0000000000000000
@09C5 0000000000000000
@09C6 0000000000000000
@09C7 0000000000000000
@09C8 0000000000000000
@09C9 0000000000000000
@09CA 0000000000000000
@09CB 0000000000000000
@09CC 0000000000000000
@09CD 0000000000000000
@09CE 0000000000000000
@09CF 0000000000000000
@09D0 0000000000000000
@09D1 0000000000000000
@09D2 0000000000000000
@09D3 0000000000000000
@09D4 0000000000000000
@09D5 0000000000000000
@09D6 0000000000000000
@09D7 0000000000000000
@09D8 0000000000000000
@09D9 0000000000000000
@09DA 0000000000000000
@09DB 0000000000000000
@09DC 0000000000000000
@09DD 0000000000000000
@09DE 0000000000000000
@09DF 0000000000000000
@09E0 0000000000000000
@09E1 0000000000000000
@09E2 0000000000000000
@09E3 0000000000000000
@09E4 0000000000000000
@09E5 0000000000000000
@09E6 0000000000000000
@09E7 0000000000000000
@09E8 0000000000000000
@09E9 0000000000000000
@09EA 0000000000000000
@09EB 0000000000000000
@09EC 0000000000000000
@09ED 0000000000000000
@09EE 0000000000000000
@09EF 0000000000000000
@09F0 0000000000000000
@09F1 0000000000000000
@09F2 0000000000000000
@09F3 0000000000000000
@09F4 0000000000000000
@09F5 0000000000000000
@09F6 0000000000000000
@09F7 0000000000000000
@09F8 0000000000000000
@09F9 0000000000000000
@09FA 0000000000000000
@09FB 0000000000000000
@09FC 0000000000000000
@09FD 0000000000000000
@09FE 0000000000000000
@09FF 0000000000000000
@0A00 0000000000000000
@0A01 0000000000000000
@0A02 0000000000000000
@0A03 0000000000000000
@0A04 0000000000000000
@0A05 0000000000000000
@0A06 0000000000000000
@0A07 0000000000000000
@0A08 0000000000000000
@0A09 0000000000000000
@0A0A 0000000000000000
@0A0B 0000000000000000
@0A0C 0000000000000000
@0A0D 0000000000000000
@0A0E 0000000000000000
@0A0F 0000000000000000
@0A10 0000000000000000
@0A11 0000000000000000
@0A12 0000000000000000
@0A13 0000000000000000
@0A14 0000000000000000
@0A15 0000000000000000
@0A16 0000000000000000
@0A17 0000000000000000
@0A18 0000000000000000
@0A19 0000000000000000
@0A1A 0000000000000000
@0A1B 0000000000000000
@0A1C 0000000000000000
@0A1D 0000000000000000
@0A1E 0000000000000000
@0A1F 0000000000000000
@0A20 0000000000000000
@0A21 0000000000000000
@0A22 0000000000000000
@0A23 0000000000000000
@0A24 0000000000000000
@0A25 0000000000000000
@0A26 0000000000000000
@0A27 0000000000000000
@0A28 0000000000000000
@0A29 0000000000000000
@0A2A 0000000000000000
@0A2B 0000000000000000
@0A2C 0000000000000000
@0A2D 0000000000000000
@0A2E 0000000000000000
@0A2F 0000000000000000
@0A30 0000000000000000
@0A31 0000000000000000
@0A32 0000000000000000
@0A33 0000000000000000
@0A34 0000000000000000
@0A35 0000000000000000
@0A36 0000000000000000
@0A37 0000000000000000
@0A38 0000000000000000
@0A39 0000000000000000
@0A3A 0000000000000000
@0A3B 0000000000000000
@0A3C 0000000000000000
@0A3D 0000000000000000
@0A3E 0000000000000000
@0A3F 0000000000000000
@0A40 0000000000000000
@0A41 0000000000000000
@0A42 0000000000000000
@0A43 0000000000000000
@0A44 0000000000000000
@0A45 0000000000000000
@0A46 0000000000000000
@0A47 0000000000000000
@0A48 0000000000000000
@0A49 0000000000000000
@0A4A 0000000000000000
@0A4B 0000000000000000
@0A4C 0000000000000000
@0A4D 0000000000000000
@0A4E 0000000000000000
@0A4F 0000000000000000
@0A50 0000000000000000
@0A51 0000000000000000
@0A52 0000000000000000
@0A53 0000000000000000
@0A54 0000000000000000
@0A55 0000000000000000
@0A56 0000000000000000
@0A57 0000000000000000
@0A58 0000000000000000
@0A59 0000000000000000
@0A5A 0000000000000000
@0A5B 0000000000000000
@0A5C 0000000000000000
@0A5D 0000000000000000
@0A5E 0000000000000000
@0A5F 0000000000000000
@0A60 0000000000000000
@0A61 0000000000000000
@0A62 0000000000000000
@0A63 0000000000000000
@0A64 0000000000000000
@0A65 0000000000000000
@0A66 0000000000000000
@0A67 0000000000000000
@0A68 0000000000000000
@0A69 0000000000000000
@0A6A 0000000000000000
@0A6B 0000000000000000
@0A6C 0000000000000000
@0A6D 0000000000000000
@0A6E 0000000000000000
@0A6F 0000000000000000
@0A70 0000000000000000
@0A71 0000000000000000
@0A72 0000000000000000
@0A73 0000000000000000
@0A74 0000000000000000
@0A75 0000000000000000
@0A76 0000000000000000
@0A77 0000000000000000
@0A78 0000000000000000
@0A79 0000000000000000
@0A7A 0000000000000000
@0A7B 0000000000000000
@0A7C 0000000000000000
@0A7D 0000000000000000
@0A7E 0000000000000000
@0A7F 0000000000000000
@0A80 0000000000000000
@0A81 0000000000000000
@0A82 0000000000000000
@0A83 0000000000000000
@0A84 0000000000000000
@0A85 0000000000000000
@0A86 0000000000000000
@0A87 0000000000000000
@0A88 0000000000000000
@0A89 0000000000000000
@0A8A 0000000000000000
@0A8B 0000000000000000
@0A8C 0000000000000000
@0A8D 0000000000000000
@0A8E 0000000000000000
@0A8F 0000000000000000
@0A90 0000000000000000
@0A91 0000000000000000
@0A92 0000000000000000
@0A93 0000000000000000
@0A94 0000000000000000
@0A95 0000000000000000
@0A96 0000000000000000
@0A97 0000000000000000
@0A98 0000000000000000
@0A99 0000000000000000
@0A9A 0000000000000000
@0A9B 0000000000000000
@0A9C 0000000000000000
@0A9D 0000000000000000
@0A9E 0000000000000000
@0A9F 0000000000000000
@0AA0 0000000000000000
@0AA1 0000000000000000
@0AA2 0000000000000000
@0AA3 0000000000000000
@0AA4 0000000000000000
@0AA5 0000000000000000
@0AA6 0000000000000000
@0AA7 0000000000000000
@0AA8 0000000000000000
@0AA9 0000000000000000
@0AAA 0000000000000000
@0AAB 0000000000000000
@0AAC 0000000000000000
@0AAD 0000000000000000
@0AAE 0000000000000000
@0AAF 0000000000000000
@0AB0 0000000000000000
@0AB1 0000000000000000
@0AB2 0000000000000000
@0AB3 0000000000000000
@0AB4 0000000000000000
@0AB5 0000000000000000
@0AB6 0000000000000000
@0AB7 0000000000000000
@0AB8 0000000000000000
@0AB9 0000000000000000
@0ABA 0000000000000000
@0ABB 0000000000000000
@0ABC 0000000000000000
@0ABD 0000000000000000
@0ABE 0000000000000000
@0ABF 0000000000000000
@0AC0 0000000000000000
@0AC1 0000000000000000
@0AC2 0000000000000000
@0AC3 0000000000000000
@0AC4 0000000000000000
@0AC5 0000000000000000
@0AC6 0000000000000000
@0AC7 0000000000000000
@0AC8 0000000000000000
@0AC9 0000000000000000
@0ACA 0000000000000000
@0ACB 0000000000000000
@0ACC 0000000000000000
@0ACD 0000000000000000
@0ACE 0000000000000000
@0ACF 0000000000000000
@0AD0 0000000000000000
@0AD1 0000000000000000
@0AD2 0000000000000000
@0AD3 0000000000000000
@0AD4 0000000000000000
@0AD5 0000000000000000
@0AD6 0000000000000000
@0AD7 0000000000000000
@0AD8 0000000000000000
@0AD9 0000000000000000
@0ADA 0000000000000000
@0ADB 0000000000000000
@0ADC 0000000000000000
@0ADD 0000000000000000
@0ADE 0000000000000000
@0ADF 0000000000000000
@0AE0 0000000000000000
@0AE1 0000000000000000
@0AE2 0000000000000000
@0AE3 0000000000000000
@0AE4 0000000000000000
@0AE5 0000000000000000
@0AE6 0000000000000000
@0AE7 0000000000000000
@0AE8 0000000000000000
@0AE9 0000000000000000
@0AEA 0000000000000000
@0AEB 0000000000000000
@0AEC 0000000000000000
@0AED 0000000000000000
@0AEE 0000000000000000
@0AEF 0000000000000000
@0AF0 0000000000000000
@0AF1 0000000000000000
@0AF2 0000000000000000
@0AF3 0000000000000000
@0AF4 0000000000000000
@0AF5 0000000000000000
@0AF6 0000000000000000
@0AF7 0000000000000000
@0AF8 0000000000000000
@0AF9 0000000000000000
@0AFA 0000000000000000
@0AFB 0000000000000000
@0AFC 0000000000000000
@0AFD 0000000000000000
@0AFE 0000000000000000
@0AFF 0000000000000000
@0B00 0000000000000000
@0B01 0000000000000000
@0B02 0000000000000000
@0B03 0000000000000000
@0B04 0000000000000000
@0B05 0000000000000000
@0B06 0000000000000000
@0B07 0000000000000000
@0B08 0000000000000000
@0B09 0000000000000000
@0B0A 0000000000000000
@0B0B 0000000000000000
@0B0C 0000000000000000
@0B0D 0000000000000000
@0B0E 0000000000000000
@0B0F 0000000000000000
@0B10 0000000000000000
@0B11 0000000000000000
@0B12 0000000000000000
@0B13 0000000000000000
@0B14 0000000000000000
@0B15 0000000000000000
@0B16 0000000000000000
@0B17 0000000000000000
@0B18 0000000000000000
@0B19 0000000000000000
@0B1A 0000000000000000
@0B1B 0000000000000000
@0B1C 0000000000000000
@0B1D 0000000000000000
@0B1E 0000000000000000
@0B1F 0000000000000000
@0B20 0000000000000000
@0B21 0000000000000000
@0B22 0000000000000000
@0B23 0000000000000000
@0B24 0000000000000000
@0B25 0000000000000000
@0B26 0000000000000000
@0B27 0000000000000000
@0B28 0000000000000000
@0B29 0000000000000000
@0B2A 0000000000000000
@0B2B 0000000000000000
@0B2C 0000000000000000
@0B2D 0000000000000000
@0B2E 0000000000000000
@0B2F 0000000000000000
@0B30 0000000000000000
@0B31 0000000000000000
@0B32 0000000000000000
@0B33 0000000000000000
@0B34 0000000000000000
@0B35 0000000000000000
@0B36 0000000000000000
@0B37 0000000000000000
@0B38 0000000000000000
@0B39 0000000000000000
@0B3A 0000000000000000
@0B3B 0000000000000000
@0B3C 0000000000000000
@0B3D 0000000000000000
@0B3E 0000000000000000
@0B3F 0000000000000000
@0B40 0000000000000000
@0B41 0000000000000000
@0B42 0000000000000000
@0B43 0000000000000000
@0B44 0000000000000000
@0B45 0000000000000000
@0B46 0000000000000000
@0B47 0000000000000000
@0B48 0000000000000000
@0B49 0000000000000000
@0B4A 0000000000000000
@0B4B 0000000000000000
@0B4C 0000000000000000
@0B4D 0000000000000000
@0B4E 0000000000000000
@0B4F 0000000000000000
@0B50 0000000000000000
@0B51 0000000000000000
@0B52 0000000000000000
@0B53 0000000000000000
@0B54 0000000000000000
@0B55 0000000000000000
@0B56 0000000000000000
@0B57 0000000000000000
@0B58 0000000000000000
@0B59 0000000000000000
@0B5A 0000000000000000
@0B5B 0000000000000000
@0B5C 0000000000000000
@0B5D 0000000000000000
@0B5E 0000000000000000
@0B5F 0000000000000000
@0B60 0000000000000000
@0B61 0000000000000000
@0B62 0000000000000000
@0B63 0000000000000000
@0B64 0000000000000000
@0B65 0000000000000000
@0B66 0000000000000000
@0B67 0000000000000000
@0B68 0000000000000000
@0B69 0000000000000000
@0B6A 0000000000000000
@0B6B 0000000000000000
@0B6C 0000000000000000
@0B6D 0000000000000000
@0B6E 0000000000000000
@0B6F 0000000000000000
@0B70 0000000000000000
@0B71 0000000000000000
@0B72 0000000000000000
@0B73 0000000000000000
@0B74 0000000000000000
@0B75 0000000000000000
@0B76 0000000000000000
@0B77 0000000000000000
@0B78 0000000000000000
@0B79 0000000000000000
@0B7A 0000000000000000
@0B7B 0000000000000000
@0B7C 0000000000000000
@0B7D 0000000000000000
@0B7E 0000000000000000
@0B7F 0000000000000000
@0B80 0000000000000000
@0B81 0000000000000000
@0B82 0000000000000000
@0B83 0000000000000000
@0B84 0000000000000000
@0B85 0000000000000000
@0B86 0000000000000000
@0B87 0000000000000000
@0B88 0000000000000000
@0B89 0000000000000000
@0B8A 0000000000000000
@0B8B 0000000000000000
@0B8C 0000000000000000
@0B8D 0000000000000000
@0B8E 0000000000000000
@0B8F 0000000000000000
@0B90 0000000000000000
@0B91 0000000000000000
@0B92 0000000000000000
@0B93 0000000000000000
@0B94 0000000000000000
@0B95 0000000000000000
@0B96 0000000000000000
@0B97 0000000000000000
@0B98 0000000000000000
@0B99 0000000000000000
@0B9A 0000000000000000
@0B9B 0000000000000000
@0B9C 0000000000000000
@0B9D 0000000000000000
@0B9E 0000000000000000
@0B9F 0000000000000000
@0BA0 0000000000000000
@0BA1 0000000000000000
@0BA2 0000000000000000
@0BA3 0000000000000000
@0BA4 0000000000000000
@0BA5 0000000000000000
@0BA6 0000000000000000
@0BA7 0000000000000000
@0BA8 0000000000000000
@0BA9 0000000000000000
@0BAA 0000000000000000
@0BAB 0000000000000000
@0BAC 0000000000000000
@0BAD 0000000000000000
@0BAE 0000000000000000
@0BAF 0000000000000000
@0BB0 0000000000000000
@0BB1 0000000000000000
@0BB2 0000000000000000
@0BB3 0000000000000000
@0BB4 0000000000000000
@0BB5 0000000000000000
@0BB6 0000000000000000
@0BB7 0000000000000000
@0BB8 0000000000000000
@0BB9 0000000000000000
@0BBA 0000000000000000
@0BBB 0000000000000000
@0BBC 0000000000000000
@0BBD 0000000000000000
@0BBE 0000000000000000
@0BBF 0000000000000000
@0BC0 0000000000000000
@0BC1 0000000000000000
@0BC2 0000000000000000
@0BC3 0000000000000000
@0BC4 0000000000000000
@0BC5 0000000000000000
@0BC6 0000000000000000
@0BC7 0000000000000000
@0BC8 0000000000000000
@0BC9 0000000000000000
@0BCA 0000000000000000
@0BCB 0000000000000000
@0BCC 0000000000000000
@0BCD 0000000000000000
@0BCE 0000000000000000
@0BCF 0000000000000000
@0BD0 0000000000000000
@0BD1 0000000000000000
@0BD2 0000000000000000
@0BD3 0000000000000000
@0BD4 0000000000000000
@0BD5 0000000000000000
@0BD6 0000000000000000
@0BD7 0000000000000000
@0BD8 0000000000000000
@0BD9 0000000000000000
@0BDA 0000000000000000
@0BDB 0000000000000000
@0BDC 0000000000000000
@0BDD 0000000000000000
@0BDE 0000000000000000
@0BDF 0000000000000000
@0BE0 0000000000000000
@0BE1 0000000000000000
@0BE2 0000000000000000
@0BE3 0000000000000000
@0BE4 0000000000000000
@0BE5 0000000000000000
@0BE6 0000000000000000
@0BE7 0000000000000000
@0BE8 0000000000000000
@0BE9 0000000000000000
@0BEA 0000000000000000
@0BEB 0000000000000000
@0BEC 0000000000000000
@0BED 0000000000000000
@0BEE 0000000000000000
@0BEF 0000000000000000
@0BF0 0000000000000000
@0BF1 0000000000000000
@0BF2 0000000000000000
@0BF3 0000000000000000
@0BF4 0000000000000000
@0BF5 0000000000000000
@0BF6 0000000000000000
@0BF7 0000000000000000
@0BF8 0000000000000000
@0BF9 0000000000000000
@0BFA 0000000000000000
@0BFB 0000000000000000
@0BFC 0000000000000000
@0BFD 0000000000000000
@0BFE 0000000000000000
@0BFF 0000000000000000
@0C00 0000000000000000
@0C01 0000000000000000
@0C02 0000000000000000
@0C03 0000000000000000
@0C04 0000000000000000
@0C05 0000000000000000
@0C06 0000000000000000
@0C07 0000000000000000
@0C08 0000000000000000
@0C09 0000000000000000
@0C0A 0000000000000000
@0C0B 0000000000000000
@0C0C 0000000000000000
@0C0D 0000000000000000
@0C0E 0000000000000000
@0C0F 0000000000000000
@0C10 0000000000000000
@0C11 0000000000000000
@0C12 0000000000000000
@0C13 0000000000000000
@0C14 0000000000000000
@0C15 0000000000000000
@0C16 0000000000000000
@0C17 0000000000000000
@0C18 0000000000000000
@0C19 0000000000000000
@0C1A 0000000000000000
@0C1B 0000000000000000
@0C1C 0000000000000000
@0C1D 0000000000000000
@0C1E 0000000000000000
@0C1F 0000000000000000
@0C20 0000000000000000
@0C21 0000000000000000
@0C22 0000000000000000
@0C23 0000000000000000
@0C24 0000000000000000
@0C25 0000000000000000
@0C26 0000000000000000
@0C27 0000000000000000
@0C28 0000000000000000
@0C29 0000000000000000
@0C2A 0000000000000000
@0C2B 0000000000000000
@0C2C 0000000000000000
@0C2D 0000000000000000
@0C2E 0000000000000000
@0C2F 0000000000000000
@0C30 0000000000000000
@0C31 0000000000000000
@0C32 0000000000000000
@0C33 0000000000000000
@0C34 0000000000000000
@0C35 0000000000000000
@0C36 0000000000000000
@0C37 0000000000000000
@0C38 0000000000000000
@0C39 0000000000000000
@0C3A 0000000000000000
@0C3B 0000000000000000
@0C3C 0000000000000000
@0C3D 0000000000000000
@0C3E 0000000000000000
@0C3F 0000000000000000
@0C40 0000000000000000
@0C41 0000000000000000
@0C42 0000000000000000
@0C43 0000000000000000
@0C44 0000000000000000
@0C45 0000000000000000
@0C46 0000000000000000
@0C47 0000000000000000
@0C48 0000000000000000
@0C49 0000000000000000
@0C4A 0000000000000000
@0C4B 0000000000000000
@0C4C 0000000000000000
@0C4D 0000000000000000
@0C4E 0000000000000000
@0C4F 0000000000000000
@0C50 0000000000000000
@0C51 0000000000000000
@0C52 0000000000000000
@0C53 0000000000000000
@0C54 0000000000000000
@0C55 0000000000000000
@0C56 0000000000000000
@0C57 0000000000000000
@0C58 0000000000000000
@0C59 0000000000000000
@0C5A 0000000000000000
@0C5B 0000000000000000
@0C5C 0000000000000000
@0C5D 0000000000000000
@0C5E 0000000000000000
@0C5F 0000000000000000
@0C60 0000000000000000
@0C61 0000000000000000
@0C62 0000000000000000
@0C63 0000000000000000
@0C64 0000000000000000
@0C65 0000000000000000
@0C66 0000000000000000
@0C67 0000000000000000
@0C68 0000000000000000
@0C69 0000000000000000
@0C6A 0000000000000000
@0C6B 0000000000000000
@0C6C 0000000000000000
@0C6D 0000000000000000
@0C6E 0000000000000000
@0C6F 0000000000000000
@0C70 0000000000000000
@0C71 0000000000000000
@0C72 0000000000000000
@0C73 0000000000000000
@0C74 0000000000000000
@0C75 0000000000000000
@0C76 0000000000000000
@0C77 0000000000000000
@0C78 0000000000000000
@0C79 0000000000000000
@0C7A 0000000000000000
@0C7B 0000000000000000
@0C7C 0000000000000000
@0C7D 0000000000000000
@0C7E 0000000000000000
@0C7F 0000000000000000
@0C80 0000000000000000
@0C81 0000000000000000
@0C82 0000000000000000
@0C83 0000000000000000
@0C84 0000000000000000
@0C85 0000000000000000
@0C86 0000000000000000
@0C87 0000000000000000
@0C88 0000000000000000
@0C89 0000000000000000
@0C8A 0000000000000000
@0C8B 0000000000000000
@0C8C 0000000000000000
@0C8D 0000000000000000
@0C8E 0000000000000000
@0C8F 0000000000000000
@0C90 0000000000000000
@0C91 0000000000000000
@0C92 0000000000000000
@0C93 0000000000000000
@0C94 0000000000000000
@0C95 0000000000000000
@0C96 0000000000000000
@0C97 0000000000000000
@0C98 0000000000000000
@0C99 0000000000000000
@0C9A 0000000000000000
@0C9B 0000000000000000
@0C9C 0000000000000000
@0C9D 0000000000000000
@0C9E 0000000000000000
@0C9F 0000000000000000
@0CA0 0000000000000000
@0CA1 0000000000000000
@0CA2 0000000000000000
@0CA3 0000000000000000
@0CA4 0000000000000000
@0CA5 0000000000000000
@0CA6 0000000000000000
@0CA7 0000000000000000
@0CA8 0000000000000000
@0CA9 0000000000000000
@0CAA 0000000000000000
@0CAB 0000000000000000
@0CAC 0000000000000000
@0CAD 0000000000000000
@0CAE 0000000000000000
@0CAF 0000000000000000
@0CB0 0000000000000000
@0CB1 0000000000000000
@0CB2 0000000000000000
@0CB3 0000000000000000
@0CB4 0000000000000000
@0CB5 0000000000000000
@0CB6 0000000000000000
@0CB7 0000000000000000
@0CB8 0000000000000000
@0CB9 0000000000000000
@0CBA 0000000000000000
@0CBB 0000000000000000
@0CBC 0000000000000000
@0CBD 0000000000000000
@0CBE 0000000000000000
@0CBF 0000000000000000
@0CC0 0000000000000000
@0CC1 0000000000000000
@0CC2 0000000000000000
@0CC3 0000000000000000
@0CC4 0000000000000000
@0CC5 0000000000000000
@0CC6 0000000000000000
@0CC7 0000000000000000
@0CC8 0000000000000000
@0CC9 0000000000000000
@0CCA 0000000000000000
@0CCB 0000000000000000
@0CCC 0000000000000000
@0CCD 0000000000000000
@0CCE 0000000000000000
@0CCF 0000000000000000
@0CD0 0000000000000000
@0CD1 0000000000000000
@0CD2 0000000000000000
@0CD3 0000000000000000
@0CD4 0000000000000000
@0CD5 0000000000000000
@0CD6 0000000000000000
@0CD7 0000000000000000
@0CD8 0000000000000000
@0CD9 0000000000000000
@0CDA 0000000000000000
@0CDB 0000000000000000
@0CDC 0000000000000000
@0CDD 0000000000000000
@0CDE 0000000000000000
@0CDF 0000000000000000
@0CE0 0000000000000000
@0CE1 0000000000000000
@0CE2 0000000000000000
@0CE3 0000000000000000
@0CE4 0000000000000000
@0CE5 0000000000000000
@0CE6 0000000000000000
@0CE7 0000000000000000
@0CE8 0000000000000000
@0CE9 0000000000000000
@0CEA 0000000000000000
@0CEB 0000000000000000
@0CEC 0000000000000000
@0CED 0000000000000000
@0CEE 0000000000000000
@0CEF 0000000000000000
@0CF0 0000000000000000
@0CF1 0000000000000000
@0CF2 0000000000000000
@0CF3 0000000000000000
@0CF4 0000000000000000
@0CF5 0000000000000000
@0CF6 0000000000000000
@0CF7 0000000000000000
@0CF8 0000000000000000
@0CF9 0000000000000000
@0CFA 0000000000000000
@0CFB 0000000000000000
@0CFC 0000000000000000
@0CFD 0000000000000000
@0CFE 0000000000000000
@0CFF 0000000000000000
@0D00 0000000000000000
@0D01 0000000000000000
@0D02 0000000000000000
@0D03 0000000000000000
@0D04 0000000000000000
@0D05 0000000000000000
@0D06 0000000000000000
@0D07 0000000000000000
@0D08 0000000000000000
@0D09 0000000000000000
@0D0A 0000000000000000
@0D0B 0000000000000000
@0D0C 0000000000000000
@0D0D 0000000000000000
@0D0E 0000000000000000
@0D0F 0000000000000000
@0D10 0000000000000000
@0D11 0000000000000000
@0D12 0000000000000000
@0D13 0000000000000000
@0D14 0000000000000000
@0D15 0000000000000000
@0D16 0000000000000000
@0D17 0000000000000000
@0D18 0000000000000000
@0D19 0000000000000000
@0D1A 0000000000000000
@0D1B 0000000000000000
@0D1C 0000000000000000
@0D1D 0000000000000000
@0D1E 0000000000000000
@0D1F 0000000000000000
@0D20 0000000000000000
@0D21 0000000000000000
@0D22 0000000000000000
@0D23 0000000000000000
@0D24 0000000000000000
@0D25 0000000000000000
@0D26 0000000000000000
@0D27 0000000000000000
@0D28 0000000000000000
@0D29 0000000000000000
@0D2A 0000000000000000
@0D2B 0000000000000000
@0D2C 0000000000000000
@0D2D 0000000000000000
@0D2E 0000000000000000
@0D2F 0000000000000000
@0D30 0000000000000000
@0D31 0000000000000000
@0D32 0000000000000000
@0D33 0000000000000000
@0D34 0000000000000000
@0D35 0000000000000000
@0D36 0000000000000000
@0D37 0000000000000000
@0D38 0000000000000000
@0D39 0000000000000000
@0D3A 0000000000000000
@0D3B 0000000000000000
@0D3C 0000000000000000
@0D3D 0000000000000000
@0D3E 0000000000000000
@0D3F 0000000000000000
@0D40 0000000000000000
@0D41 0000000000000000
@0D42 0000000000000000
@0D43 0000000000000000
@0D44 0000000000000000
@0D45 0000000000000000
@0D46 0000000000000000
@0D47 0000000000000000
@0D48 0000000000000000
@0D49 0000000000000000
@0D4A 0000000000000000
@0D4B 0000000000000000
@0D4C 0000000000000000
@0D4D 0000000000000000
@0D4E 0000000000000000
@0D4F 0000000000000000
@0D50 0000000000000000
@0D51 0000000000000000
@0D52 0000000000000000
@0D53 0000000000000000
@0D54 0000000000000000
@0D55 0000000000000000
@0D56 0000000000000000
@0D57 0000000000000000
@0D58 0000000000000000
@0D59 0000000000000000
@0D5A 0000000000000000
@0D5B 0000000000000000
@0D5C 0000000000000000
@0D5D 0000000000000000
@0D5E 0000000000000000
@0D5F 0000000000000000
@0D60 0000000000000000
@0D61 0000000000000000
@0D62 0000000000000000
@0D63 0000000000000000
@0D64 0000000000000000
@0D65 0000000000000000
@0D66 0000000000000000
@0D67 0000000000000000
@0D68 0000000000000000
@0D69 0000000000000000
@0D6A 0000000000000000
@0D6B 0000000000000000
@0D6C 0000000000000000
@0D6D 0000000000000000
@0D6E 0000000000000000
@0D6F 0000000000000000
@0D70 0000000000000000
@0D71 0000000000000000
@0D72 0000000000000000
@0D73 0000000000000000
@0D74 0000000000000000
@0D75 0000000000000000
@0D76 0000000000000000
@0D77 0000000000000000
@0D78 0000000000000000
@0D79 0000000000000000
@0D7A 0000000000000000
@0D7B 0000000000000000
@0D7C 0000000000000000
@0D7D 0000000000000000
@0D7E 0000000000000000
@0D7F 0000000000000000
@0D80 0000000000000000
@0D81 0000000000000000
@0D82 0000000000000000
@0D83 0000000000000000
@0D84 0000000000000000
@0D85 0000000000000000
@0D86 0000000000000000
@0D87 0000000000000000
@0D88 0000000000000000
@0D89 0000000000000000
@0D8A 0000000000000000
@0D8B 0000000000000000
@0D8C 0000000000000000
@0D8D 0000000000000000
@0D8E 0000000000000000
@0D8F 0000000000000000
@0D90 0000000000000000
@0D91 0000000000000000
@0D92 0000000000000000
@0D93 0000000000000000
@0D94 0000000000000000
@0D95 0000000000000000
@0D96 0000000000000000
@0D97 0000000000000000
@0D98 0000000000000000
@0D99 0000000000000000
@0D9A 0000000000000000
@0D9B 0000000000000000
@0D9C 0000000000000000
@0D9D 0000000000000000
@0D9E 0000000000000000
@0D9F 0000000000000000
@0DA0 0000000000000000
@0DA1 0000000000000000
@0DA2 0000000000000000
@0DA3 0000000000000000
@0DA4 0000000000000000
@0DA5 0000000000000000
@0DA6 0000000000000000
@0DA7 0000000000000000
@0DA8 0000000000000000
@0DA9 0000000000000000
@0DAA 0000000000000000
@0DAB 0000000000000000
@0DAC 0000000000000000
@0DAD 0000000000000000
@0DAE 0000000000000000
@0DAF 0000000000000000
@0DB0 0000000000000000
@0DB1 0000000000000000
@0DB2 0000000000000000
@0DB3 0000000000000000
@0DB4 0000000000000000
@0DB5 0000000000000000
@0DB6 0000000000000000
@0DB7 0000000000000000
@0DB8 0000000000000000
@0DB9 0000000000000000
@0DBA 0000000000000000
@0DBB 0000000000000000
@0DBC 0000000000000000
@0DBD 0000000000000000
@0DBE 0000000000000000
@0DBF 0000000000000000
@0DC0 0000000000000000
@0DC1 0000000000000000
@0DC2 0000000000000000
@0DC3 0000000000000000
@0DC4 0000000000000000
@0DC5 0000000000000000
@0DC6 0000000000000000
@0DC7 0000000000000000
@0DC8 0000000000000000
@0DC9 0000000000000000
@0DCA 0000000000000000
@0DCB 0000000000000000
@0DCC 0000000000000000
@0DCD 0000000000000000
@0DCE 0000000000000000
@0DCF 0000000000000000
@0DD0 0000000000000000
@0DD1 0000000000000000
@0DD2 0000000000000000
@0DD3 0000000000000000
@0DD4 0000000000000000
@0DD5 0000000000000000
@0DD6 0000000000000000
@0DD7 0000000000000000
@0DD8 0000000000000000
@0DD9 0000000000000000
@0DDA 0000000000000000
@0DDB 0000000000000000
@0DDC 0000000000000000
@0DDD 0000000000000000
@0DDE 0000000000000000
@0DDF 0000000000000000
@0DE0 0000000000000000
@0DE1 0000000000000000
@0DE2 0000000000000000
@0DE3 0000000000000000
@0DE4 0000000000000000
@0DE5 0000000000000000
@0DE6 0000000000000000
@0DE7 0000000000000000
@0DE8 0000000000000000
@0DE9 0000000000000000
@0DEA 0000000000000000
@0DEB 0000000000000000
@0DEC 0000000000000000
@0DED 0000000000000000
@0DEE 0000000000000000
@0DEF 0000000000000000
@0DF0 0000000000000000
@0DF1 0000000000000000
@0DF2 0000000000000000
@0DF3 0000000000000000
@0DF4 0000000000000000
@0DF5 0000000000000000
@0DF6 0000000000000000
@0DF7 0000000000000000
@0DF8 0000000000000000
@0DF9 0000000000000000
@0DFA 0000000000000000
@0DFB 0000000000000000
@0DFC 0000000000000000
@0DFD 0000000000000000
@0DFE 0000000000000000
@0DFF 0000000000000000
@0E00 0000000000000000
@0E01 0000000000000000
@0E02 0000000000000000
@0E03 0000000000000000
@0E04 0000000000000000
@0E05 0000000000000000
@0E06 0000000000000000
@0E07 0000000000000000
@0E08 0000000000000000
@0E09 0000000000000000
@0E0A 0000000000000000
@0E0B 0000000000000000
@0E0C 0000000000000000
@0E0D 0000000000000000
@0E0E 0000000000000000
@0E0F 0000000000000000
@0E10 0000000000000000
@0E11 0000000000000000
@0E12 0000000000000000
@0E13 0000000000000000
@0E14 0000000000000000
@0E15 0000000000000000
@0E16 0000000000000000
@0E17 0000000000000000
@0E18 0000000000000000
@0E19 0000000000000000
@0E1A 0000000000000000
@0E1B 0000000000000000
@0E1C 0000000000000000
@0E1D 0000000000000000
@0E1E 0000000000000000
@0E1F 0000000000000000
@0E20 0000000000000000
@0E21 0000000000000000
@0E22 0000000000000000
@0E23 0000000000000000
@0E24 0000000000000000
@0E25 0000000000000000
@0E26 0000000000000000
@0E27 0000000000000000
@0E28 0000000000000000
@0E29 0000000000000000
@0E2A 0000000000000000
@0E2B 0000000000000000
@0E2C 0000000000000000
@0E2D 0000000000000000
@0E2E 0000000000000000
@0E2F 0000000000000000
@0E30 0000000000000000
@0E31 0000000000000000
@0E32 0000000000000000
@0E33 0000000000000000
@0E34 0000000000000000
@0E35 0000000000000000
@0E36 0000000000000000
@0E37 0000000000000000
@0E38 0000000000000000
@0E39 0000000000000000
@0E3A 0000000000000000
@0E3B 0000000000000000
@0E3C 0000000000000000
@0E3D 0000000000000000
@0E3E 0000000000000000
@0E3F 0000000000000000
@0E40 0000000000000000
@0E41 0000000000000000
@0E42 0000000000000000
@0E43 0000000000000000
@0E44 0000000000000000
@0E45 0000000000000000
@0E46 0000000000000000
@0E47 0000000000000000
@0E48 0000000000000000
@0E49 0000000000000000
@0E4A 0000000000000000
@0E4B 0000000000000000
@0E4C 0000000000000000
@0E4D 0000000000000000
@0E4E 0000000000000000
@0E4F 0000000000000000
@0E50 0000000000000000
@0E51 0000000000000000
@0E52 0000000000000000
@0E53 0000000000000000
@0E54 0000000000000000
@0E55 0000000000000000
@0E56 0000000000000000
@0E57 0000000000000000
@0E58 0000000000000000
@0E59 0000000000000000
@0E5A 0000000000000000
@0E5B 0000000000000000
@0E5C 0000000000000000
@0E5D 0000000000000000
@0E5E 0000000000000000
@0E5F 0000000000000000
@0E60 0000000000000000
@0E61 0000000000000000
@0E62 0000000000000000
@0E63 0000000000000000
@0E64 0000000000000000
@0E65 0000000000000000
@0E66 0000000000000000
@0E67 0000000000000000
@0E68 0000000000000000
@0E69 0000000000000000
@0E6A 0000000000000000
@0E6B 0000000000000000
@0E6C 0000000000000000
@0E6D 0000000000000000
@0E6E 0000000000000000
@0E6F 0000000000000000
@0E70 0000000000000000
@0E71 0000000000000000
@0E72 0000000000000000
@0E73 0000000000000000
@0E74 0000000000000000
@0E75 0000000000000000
@0E76 0000000000000000
@0E77 0000000000000000
@0E78 0000000000000000
@0E79 0000000000000000
@0E7A 0000000000000000
@0E7B 0000000000000000
@0E7C 0000000000000000
@0E7D 0000000000000000
@0E7E 0000000000000000
@0E7F 0000000000000000
@0E80 0000000000000000
@0E81 0000000000000000
@0E82 0000000000000000
@0E83 0000000000000000
@0E84 0000000000000000
@0E85 0000000000000000
@0E86 0000000000000000
@0E87 0000000000000000
@0E88 0000000000000000
@0E89 0000000000000000
@0E8A 0000000000000000
@0E8B 0000000000000000
@0E8C 0000000000000000
@0E8D 0000000000000000
@0E8E 0000000000000000
@0E8F 0000000000000000
@0E90 0000000000000000
@0E91 0000000000000000
@0E92 0000000000000000
@0E93 0000000000000000
@0E94 0000000000000000
@0E95 0000000000000000
@0E96 0000000000000000
@0E97 0000000000000000
@0E98 0000000000000000
@0E99 0000000000000000
@0E9A 0000000000000000
@0E9B 0000000000000000
@0E9C 0000000000000000
@0E9D 0000000000000000
@0E9E 0000000000000000
@0E9F 0000000000000000
@0EA0 0000000000000000
@0EA1 0000000000000000
@0EA2 0000000000000000
@0EA3 0000000000000000
@0EA4 0000000000000000
@0EA5 0000000000000000
@0EA6 0000000000000000
@0EA7 0000000000000000
@0EA8 0000000000000000
@0EA9 0000000000000000
@0EAA 0000000000000000
@0EAB 0000000000000000
@0EAC 0000000000000000
@0EAD 0000000000000000
@0EAE 0000000000000000
@0EAF 0000000000000000
@0EB0 0000000000000000
@0EB1 0000000000000000
@0EB2 0000000000000000
@0EB3 0000000000000000
@0EB4 0000000000000000
@0EB5 0000000000000000
@0EB6 0000000000000000
@0EB7 0000000000000000
@0EB8 0000000000000000
@0EB9 0000000000000000
@0EBA 0000000000000000
@0EBB 0000000000000000
@0EBC 0000000000000000
@0EBD 0000000000000000
@0EBE 0000000000000000
@0EBF 0000000000000000
@0EC0 0000000000000000
@0EC1 0000000000000000
@0EC2 0000000000000000
@0EC3 0000000000000000
@0EC4 0000000000000000
@0EC5 0000000000000000
@0EC6 0000000000000000
@0EC7 0000000000000000
@0EC8 0000000000000000
@0EC9 0000000000000000
@0ECA 0000000000000000
@0ECB 0000000000000000
@0ECC 0000000000000000
@0ECD 0000000000000000
@0ECE 0000000000000000
@0ECF 0000000000000000
@0ED0 0000000000000000
@0ED1 0000000000000000
@0ED2 0000000000000000
@0ED3 0000000000000000
@0ED4 0000000000000000
@0ED5 0000000000000000
@0ED6 0000000000000000
@0ED7 0000000000000000
@0ED8 0000000000000000
@0ED9 0000000000000000
@0EDA 0000000000000000
@0EDB 0000000000000000
@0EDC 0000000000000000
@0EDD 0000000000000000
@0EDE 0000000000000000
@0EDF 0000000000000000
@0EE0 0000000000000000
@0EE1 0000000000000000
@0EE2 0000000000000000
@0EE3 0000000000000000
@0EE4 0000000000000000
@0EE5 0000000000000000
@0EE6 0000000000000000
@0EE7 0000000000000000
@0EE8 0000000000000000
@0EE9 0000000000000000
@0EEA 0000000000000000
@0EEB 0000000000000000
@0EEC 0000000000000000
@0EED 0000000000000000
@0EEE 0000000000000000
@0EEF 0000000000000000
@0EF0 0000000000000000
@0EF1 0000000000000000
@0EF2 0000000000000000
@0EF3 0000000000000000
@0EF4 0000000000000000
@0EF5 0000000000000000
@0EF6 0000000000000000
@0EF7 0000000000000000
@0EF8 0000000000000000
@0EF9 0000000000000000
@0EFA 0000000000000000
@0EFB 0000000000000000
@0EFC 0000000000000000
@0EFD 0000000000000000
@0EFE 0000000000000000
@0EFF 0000000000000000
@0F00 0000000000000000
@0F01 0000000000000000
@0F02 0000000000000000
@0F03 0000000000000000
@0F04 0000000000000000
@0F05 0000000000000000
@0F06 0000000000000000
@0F07 0000000000000000
@0F08 0000000000000000
@0F09 0000000000000000
@0F0A 0000000000000000
@0F0B 0000000000000000
@0F0C 0000000000000000
@0F0D 0000000000000000
@0F0E 0000000000000000
@0F0F 0000000000000000
@0F10 0000000000000000
@0F11 0000000000000000
@0F12 0000000000000000
@0F13 0000000000000000
@0F14 0000000000000000
@0F15 0000000000000000
@0F16 0000000000000000
@0F17 0000000000000000
@0F18 0000000000000000
@0F19 0000000000000000
@0F1A 0000000000000000
@0F1B 0000000000000000
@0F1C 0000000000000000
@0F1D 0000000000000000
@0F1E 0000000000000000
@0F1F 0000000000000000
@0F20 0000000000000000
@0F21 0000000000000000
@0F22 0000000000000000
@0F23 0000000000000000
@0F24 0000000000000000
@0F25 0000000000000000
@0F26 0000000000000000
@0F27 0000000000000000
@0F28 0000000000000000
@0F29 0000000000000000
@0F2A 0000000000000000
@0F2B 0000000000000000
@0F2C 0000000000000000
@0F2D 0000000000000000
@0F2E 0000000000000000
@0F2F 0000000000000000
@0F30 0000000000000000
@0F31 0000000000000000
@0F32 0000000000000000
@0F33 0000000000000000
@0F34 0000000000000000
@0F35 0000000000000000
@0F36 0000000000000000
@0F37 0000000000000000
@0F38 0000000000000000
@0F39 0000000000000000
@0F3A 0000000000000000
@0F3B 0000000000000000
@0F3C 0000000000000000
@0F3D 0000000000000000
@0F3E 0000000000000000
@0F3F 0000000000000000
@0F40 0000000000000000
@0F41 0000000000000000
@0F42 0000000000000000
@0F43 0000000000000000
@0F44 0000000000000000
@0F45 0000000000000000
@0F46 0000000000000000
@0F47 0000000000000000
@0F48 0000000000000000
@0F49 0000000000000000
@0F4A 0000000000000000
@0F4B 0000000000000000
@0F4C 0000000000000000
@0F4D 0000000000000000
@0F4E 0000000000000000
@0F4F 0000000000000000
@0F50 0000000000000000
@0F51 0000000000000000
@0F52 0000000000000000
@0F53 0000000000000000
@0F54 0000000000000000
@0F55 0000000000000000
@0F56 0000000000000000
@0F57 0000000000000000
@0F58 0000000000000000
@0F59 0000000000000000
@0F5A 0000000000000000
@0F5B 0000000000000000
@0F5C 0000000000000000
@0F5D 0000000000000000
@0F5E 0000000000000000
@0F5F 0000000000000000
@0F60 0000000000000000
@0F61 0000000000000000
@0F62 0000000000000000
@0F63 0000000000000000
@0F64 0000000000000000
@0F65 0000000000000000
@0F66 0000000000000000
@0F67 0000000000000000
@0F68 0000000000000000
@0F69 0000000000000000
@0F6A 0000000000000000
@0F6B 0000000000000000
@0F6C 0000000000000000
@0F6D 0000000000000000
@0F6E 0000000000000000
@0F6F 0000000000000000
@0F70 0000000000000000
@0F71 0000000000000000
@0F72 0000000000000000
@0F73 0000000000000000
@0F74 0000000000000000
@0F75 0000000000000000
@0F76 0000000000000000
@0F77 0000000000000000
@0F78 0000000000000000
@0F79 0000000000000000
@0F7A 0000000000000000
@0F7B 0000000000000000
@0F7C 0000000000000000
@0F7D 0000000000000000
@0F7E 0000000000000000
@0F7F 0000000000000000
@0F80 0000000000000000
@0F81 0000000000000000
@0F82 0000000000000000
@0F83 0000000000000000
@0F84 0000000000000000
@0F85 0000000000000000
@0F86 0000000000000000
@0F87 0000000000000000
@0F88 0000000000000000
@0F89 0000000000000000
@0F8A 0000000000000000
@0F8B 0000000000000000
@0F8C 0000000000000000
@0F8D 0000000000000000
@0F8E 0000000000000000
@0F8F 0000000000000000
@0F90 0000000000000000
@0F91 0000000000000000
@0F92 0000000000000000
@0F93 0000000000000000
@0F94 0000000000000000
@0F95 0000000000000000
@0F96 0000000000000000
@0F97 0000000000000000
@0F98 0000000000000000
@0F99 0000000000000000
@0F9A 0000000000000000
@0F9B 0000000000000000
@0F9C 0000000000000000
@0F9D 0000000000000000
@0F9E 0000000000000000
@0F9F 0000000000000000
@0FA0 0000000000000000
@0FA1 0000000000000000
@0FA2 0000000000000000
@0FA3 0000000000000000
@0FA4 0000000000000000
@0FA5 0000000000000000
@0FA6 0000000000000000
@0FA7 0000000000000000
@0FA8 0000000000000000
@0FA9 0000000000000000
@0FAA 0000000000000000
@0FAB 0000000000000000
@0FAC 0000000000000000
@0FAD 0000000000000000
@0FAE 0000000000000000
@0FAF 0000000000000000
@0FB0 0000000000000000
@0FB1 0000000000000000
@0FB2 0000000000000000
@0FB3 0000000000000000
@0FB4 0000000000000000
@0FB5 0000000000000000
@0FB6 0000000000000000
@0FB7 0000000000000000
@0FB8 0000000000000000
@0FB9 0000000000000000
@0FBA 0000000000000000
@0FBB 0000000000000000
@0FBC 0000000000000000
@0FBD 0000000000000000
@0FBE 0000000000000000
@0FBF 0000000000000000
@0FC0 0000000000000000
@0FC1 0000000000000000
@0FC2 0000000000000000
@0FC3 0000000000000000
@0FC4 0000000000000000
@0FC5 0000000000000000
@0FC6 0000000000000000
@0FC7 0000000000000000
@0FC8 0000000000000000
@0FC9 0000000000000000
@0FCA 0000000000000000
@0FCB 0000000000000000
@0FCC 0000000000000000
@0FCD 0000000000000000
@0FCE 0000000000000000
@0FCF 0000000000000000
@0FD0 0000000000000000
@0FD1 0000000000000000
@0FD2 0000000000000000
@0FD3 0000000000000000
@0FD4 0000000000000000
@0FD5 0000000000000000
@0FD6 0000000000000000
@0FD7 0000000000000000
@0FD8 0000000000000000
@0FD9 0000000000000000
@0FDA 0000000000000000
@0FDB 0000000000000000
@0FDC 0000000000000000
@0FDD 0000000000000000
@0FDE 0000000000000000
@0FDF 0000000000000000
@0FE0 0000000000000000
@0FE1 0000000000000000
@0FE2 0000000000000000
@0FE3 0000000000000000
@0FE4 0000000000000000
@0FE5 0000000000000000
@0FE6 0000000000000000
@0FE7 0000000000000000
@0FE8 0000000000000000
@0FE9 0000000000000000
@0FEA 0000000000000000
@0FEB 0000000000000000
@0FEC 0000000000000000
@0FED 0000000000000000
@0FEE 0000000000000000
@0FEF 0000000000000000
@0FF0 0000000000000000
@0FF1 0000000000000000
@0FF2 0000000000000000
@0FF3 0000000000000000
@0FF4 0000000000000000
@0FF5 0000000000000000
@0FF6 0000000000000000
@0FF7 0000000000000000
@0FF8 0000000000000000
@0FF9 0000000000000000
@0FFA 0000000000000000
@0FFB 0000000000000000
@0FFC 0000000000000000
@0FFD 0000000000000000
@0FFE 0000000000000000
@0FFF 0000000000000000
@1000 0000000000000000
@1001 0000000000000000
@1002 0000000000000000
@1003 0000000000000000
@1004 0000000000000000
@1005 0000000000000000
@1006 0000000000000000
@1007 0000000000000000
@1008 0000000000000000
@1009 0000000000000000
@100A 0000000000000000
@100B 0000000000000000
@100C 0000000000000000
@100D 0000000000000000
@100E 0000000000000000
@100F 0000000000000000
@1010 0000000000000000
@1011 0000000000000000
@1012 0000000000000000
@1013 0000000000000000
@1014 0000000000000000
@1015 0000000000000000
@1016 0000000000000000
@1017 0000000000000000
@1018 0000000000000000
@1019 0000000000000000
@101A 0000000000000000
@101B 0000000000000000
@101C 0000000000000000
@101D 0000000000000000
@101E 0000000000000000
@101F 0000000000000000
@1020 0000000000000000
@1021 0000000000000000
@1022 0000000000000000
@1023 0000000000000000
@1024 0000000000000000
@1025 0000000000000000
@1026 0000000000000000
@1027 0000000000000000
@1028 0000000000000000
@1029 0000000000000000
@102A 0000000000000000
@102B 0000000000000000
@102C 0000000000000000
@102D 0000000000000000
@102E 0000000000000000
@102F 0000000000000000
@1030 0000000000000000
@1031 0000000000000000
@1032 0000000000000000
@1033 0000000000000000
@1034 0000000000000000
@1035 0000000000000000
@1036 0000000000000000
@1037 0000000000000000
@1038 0000000000000000
@1039 0000000000000000
@103A 0000000000000000
@103B 0000000000000000
@103C 0000000000000000
@103D 0000000000000000
@103E 0000000000000000
@103F 0000000000000000
@1040 0000000000000000
@1041 0000000000000000
@1042 0000000000000000
@1043 0000000000000000
@1044 0000000000000000
@1045 0000000000000000
@1046 0000000000000000
@1047 0000000000000000
@1048 0000000000000000
@1049 0000000000000000
@104A 0000000000000000
@104B 0000000000000000
@104C 0000000000000000
@104D 0000000000000000
@104E 0000000000000000
@104F 0000000000000000
@1050 0000000000000000
@1051 0000000000000000
@1052 0000000000000000
@1053 0000000000000000
@1054 0000000000000000
@1055 0000000000000000
@1056 0000000000000000
@1057 0000000000000000
@1058 0000000000000000
@1059 0000000000000000
@105A 0000000000000000
@105B 0000000000000000
@105C 0000000000000000
@105D 0000000000000000
@105E 0000000000000000
@105F 0000000000000000
@1060 0000000000000000
@1061 0000000000000000
@1062 0000000000000000
@1063 0000000000000000
@1064 0000000000000000
@1065 0000000000000000
@1066 0000000000000000
@1067 0000000000000000
@1068 0000000000000000
@1069 0000000000000000
@106A 0000000000000000
@106B 0000000000000000
@106C 0000000000000000
@106D 0000000000000000
@106E 0000000000000000
@106F 0000000000000000
@1070 0000000000000000
@1071 0000000000000000
@1072 0000000000000000
@1073 0000000000000000
@1074 0000000000000000
@1075 0000000000000000
@1076 0000000000000000
@1077 0000000000000000
@1078 0000000000000000
@1079 0000000000000000
@107A 0000000000000000
@107B 0000000000000000
@107C 0000000000000000
@107D 0000000000000000
@107E 0000000000000000
@107F 0000000000000000
@1080 0000000000000000
@1081 0000000000000000
@1082 0000000000000000
@1083 0000000000000000
@1084 0000000000000000
@1085 0000000000000000
@1086 0000000000000000
@1087 0000000000000000
@1088 0000000000000000
@1089 0000000000000000
@108A 0000000000000000
@108B 0000000000000000
@108C 0000000000000000
@108D 0000000000000000
@108E 0000000000000000
@108F 0000000000000000
@1090 0000000000000000
@1091 0000000000000000
@1092 0000000000000000
@1093 0000000000000000
@1094 0000000000000000
@1095 0000000000000000
@1096 0000000000000000
@1097 0000000000000000
@1098 0000000000000000
@1099 0000000000000000
@109A 0000000000000000
@109B 0000000000000000
@109C 0000000000000000
@109D 0000000000000000
@109E 0000000000000000
@109F 0000000000000000
@10A0 0000000000000000
@10A1 0000000000000000
@10A2 0000000000000000
@10A3 0000000000000000
@10A4 0000000000000000
@10A5 0000000000000000
@10A6 0000000000000000
@10A7 0000000000000000
@10A8 0000000000000000
@10A9 0000000000000000
@10AA 0000000000000000
@10AB 0000000000000000
@10AC 0000000000000000
@10AD 0000000000000000
@10AE 0000000000000000
@10AF 0000000000000000
@10B0 0000000000000000
@10B1 0000000000000000
@10B2 0000000000000000
@10B3 0000000000000000
@10B4 0000000000000000
@10B5 0000000000000000
@10B6 0000000000000000
@10B7 0000000000000000
@10B8 0000000000000000
@10B9 0000000000000000
@10BA 0000000000000000
@10BB 0000000000000000
@10BC 0000000000000000
@10BD 0000000000000000
@10BE 0000000000000000
@10BF 0000000000000000
@10C0 0000000000000000
@10C1 0000000000000000
@10C2 0000000000000000
@10C3 0000000000000000
@10C4 0000000000000000
@10C5 0000000000000000
@10C6 0000000000000000
@10C7 0000000000000000
@10C8 0000000000000000
@10C9 0000000000000000
@10CA 0000000000000000
@10CB 0000000000000000
@10CC 0000000000000000
@10CD 0000000000000000
@10CE 0000000000000000
@10CF 0000000000000000
@10D0 0000000000000000
@10D1 0000000000000000
@10D2 0000000000000000
@10D3 0000000000000000
@10D4 0000000000000000
@10D5 0000000000000000
@10D6 0000000000000000
@10D7 0000000000000000
@10D8 0000000000000000
@10D9 0000000000000000
@10DA 0000000000000000
@10DB 0000000000000000
@10DC 0000000000000000
@10DD 0000000000000000
@10DE 0000000000000000
@10DF 0000000000000000
@10E0 0000000000000000
@10E1 0000000000000000
@10E2 0000000000000000
@10E3 0000000000000000
@10E4 0000000000000000
@10E5 0000000000000000
@10E6 0000000000000000
@10E7 0000000000000000
@10E8 0000000000000000
@10E9 0000000000000000
@10EA 0000000000000000
@10EB 0000000000000000
@10EC 0000000000000000
@10ED 0000000000000000
@10EE 0000000000000000
@10EF 0000000000000000
@10F0 0000000000000000
@10F1 0000000000000000
@10F2 0000000000000000
@10F3 0000000000000000
@10F4 0000000000000000
@10F5 0000000000000000
@10F6 0000000000000000
@10F7 0000000000000000
@10F8 0000000000000000
@10F9 0000000000000000
@10FA 0000000000000000
@10FB 0000000000000000
@10FC 0000000000000000
@10FD 0000000000000000
@10FE 0000000000000000
@10FF 0000000000000000
@1100 0000000000000000
@1101 0000000000000000
@1102 0000000000000000
@1103 0000000000000000
@1104 0000000000000000
@1105 0000000000000000
@1106 0000000000000000
@1107 0000000000000000
@1108 0000000000000000
@1109 0000000000000000
@110A 0000000000000000
@110B 0000000000000000
@110C 0000000000000000
@110D 0000000000000000
@110E 0000000000000000
@110F 0000000000000000
@1110 0000000000000000
@1111 0000000000000000
@1112 0000000000000000
@1113 0000000000000000
@1114 0000000000000000
@1115 0000000000000000
@1116 0000000000000000
@1117 0000000000000000
@1118 0000000000000000
@1119 0000000000000000
@111A 0000000000000000
@111B 0000000000000000
@111C 0000000000000000
@111D 0000000000000000
@111E 0000000000000000
@111F 0000000000000000
@1120 0000000000000000
@1121 0000000000000000
@1122 0000000000000000
@1123 0000000000000000
@1124 0000000000000000
@1125 0000000000000000
@1126 0000000000000000
@1127 0000000000000000
@1128 0000000000000000
@1129 0000000000000000
@112A 0000000000000000
@112B 0000000000000000
@112C 0000000000000000
@112D 0000000000000000
@112E 0000000000000000
@112F 0000000000000000
@1130 0000000000000000
@1131 0000000000000000
@1132 0000000000000000
@1133 0000000000000000
@1134 0000000000000000
@1135 0000000000000000
@1136 0000000000000000
@1137 0000000000000000
@1138 0000000000000000
@1139 0000000000000000
@113A 0000000000000000
@113B 0000000000000000
@113C 0000000000000000
@113D 0000000000000000
@113E 0000000000000000
@113F 0000000000000000
@1140 0000000000000000
@1141 0000000000000000
@1142 0000000000000000
@1143 0000000000000000
@1144 0000000000000000
@1145 0000000000000000
@1146 0000000000000000
@1147 0000000000000000
@1148 0000000000000000
@1149 0000000000000000
@114A 0000000000000000
@114B 0000000000000000
@114C 0000000000000000
@114D 0000000000000000
@114E 0000000000000000
@114F 0000000000000000
@1150 0000000000000000
@1151 0000000000000000
@1152 0000000000000000
@1153 0000000000000000
@1154 0000000000000000
@1155 0000000000000000
@1156 0000000000000000
@1157 0000000000000000
@1158 0000000000000000
@1159 0000000000000000
@115A 0000000000000000
@115B 0000000000000000
@115C 0000000000000000
@115D 0000000000000000
@115E 0000000000000000
@115F 0000000000000000
@1160 0000000000000000
@1161 0000000000000000
@1162 0000000000000000
@1163 0000000000000000
@1164 0000000000000000
@1165 0000000000000000
@1166 0000000000000000
@1167 0000000000000000
@1168 0000000000000000
@1169 0000000000000000
@116A 0000000000000000
@116B 0000000000000000
@116C 0000000000000000
@116D 0000000000000000
@116E 0000000000000000
@116F 0000000000000000
@1170 0000000000000000
@1171 0000000000000000
@1172 0000000000000000
@1173 0000000000000000
@1174 0000000000000000
@1175 0000000000000000
@1176 0000000000000000
@1177 0000000000000000
@1178 0000000000000000
@1179 0000000000000000
@117A 0000000000000000
@117B 0000000000000000
@117C 0000000000000000
@117D 0000000000000000
@117E 0000000000000000
@117F 0000000000000000
@1180 0000000000000000
@1181 0000000000000000
@1182 0000000000000000
@1183 0000000000000000
@1184 0000000000000000
@1185 0000000000000000
@1186 0000000000000000
@1187 0000000000000000
@1188 0000000000000000
@1189 0000000000000000
@118A 0000000000000000
@118B 0000000000000000
@118C 0000000000000000
@118D 0000000000000000
@118E 0000000000000000
@118F 0000000000000000
@1190 0000000000000000
@1191 0000000000000000
@1192 0000000000000000
@1193 0000000000000000
@1194 0000000000000000
@1195 0000000000000000
@1196 0000000000000000
@1197 0000000000000000
@1198 0000000000000000
@1199 0000000000000000
@119A 0000000000000000
@119B 0000000000000000
@119C 0000000000000000
@119D 0000000000000000
@119E 0000000000000000
@119F 0000000000000000
@11A0 0000000000000000
@11A1 0000000000000000
@11A2 0000000000000000
@11A3 0000000000000000
@11A4 0000000000000000
@11A5 0000000000000000
@11A6 0000000000000000
@11A7 0000000000000000
@11A8 0000000000000000
@11A9 0000000000000000
@11AA 0000000000000000
@11AB 0000000000000000
@11AC 0000000000000000
@11AD 0000000000000000
@11AE 0000000000000000
@11AF 0000000000000000
@11B0 0000000000000000
@11B1 0000000000000000
@11B2 0000000000000000
@11B3 0000000000000000
@11B4 0000000000000000
@11B5 0000000000000000
@11B6 0000000000000000
@11B7 0000000000000000
@11B8 0000000000000000
@11B9 0000000000000000
@11BA 0000000000000000
@11BB 0000000000000000
@11BC 0000000000000000
@11BD 0000000000000000
@11BE 0000000000000000
@11BF 0000000000000000
@11C0 0000000000000000
@11C1 0000000000000000
@11C2 0000000000000000
@11C3 0000000000000000
@11C4 0000000000000000
@11C5 0000000000000000
@11C6 0000000000000000
@11C7 0000000000000000
@11C8 0000000000000000
@11C9 0000000000000000
@11CA 0000000000000000
@11CB 0000000000000000
@11CC 0000000000000000
@11CD 0000000000000000
@11CE 0000000000000000
@11CF 0000000000000000
@11D0 0000000000000000
@11D1 0000000000000000
@11D2 0000000000000000
@11D3 0000000000000000
@11D4 0000000000000000
@11D5 0000000000000000
@11D6 0000000000000000
@11D7 0000000000000000
@11D8 0000000000000000
@11D9 0000000000000000
@11DA 0000000000000000
@11DB 0000000000000000
@11DC 0000000000000000
@11DD 0000000000000000
@11DE 0000000000000000
@11DF 0000000000000000
@11E0 0000000000000000
@11E1 0000000000000000
@11E2 0000000000000000
@11E3 0000000000000000
@11E4 0000000000000000
@11E5 0000000000000000
@11E6 0000000000000000
@11E7 0000000000000000
@11E8 0000000000000000
@11E9 0000000000000000
@11EA 0000000000000000
@11EB 0000000000000000
@11EC 0000000000000000
@11ED 0000000000000000
@11EE 0000000000000000
@11EF 0000000000000000
@11F0 0000000000000000
@11F1 0000000000000000
@11F2 0000000000000000
@11F3 0000000000000000
@11F4 0000000000000000
@11F5 0000000000000000
@11F6 0000000000000000
@11F7 0000000000000000
@11F8 0000000000000000
@11F9 0000000000000000
@11FA 0000000000000000
@11FB 0000000000000000
@11FC 0000000000000000
@11FD 0000000000000000
@11FE 0000000000000000
@11FF 0000000000000000
@1200 0000000000000000
@1201 0000000000000000
@1202 0000000000000000
@1203 0000000000000000
@1204 0000000000000000
@1205 0000000000000000
@1206 0000000000000000
@1207 0000000000000000
@1208 0000000000000000
@1209 0000000000000000
@120A 0000000000000000
@120B 0000000000000000
@120C 0000000000000000
@120D 0000000000000000
@120E 0000000000000000
@120F 0000000000000000
@1210 0000000000000000
@1211 0000000000000000
@1212 0000000000000000
@1213 0000000000000000
@1214 0000000000000000
@1215 0000000000000000
@1216 0000000000000000
@1217 0000000000000000
@1218 0000000000000000
@1219 0000000000000000
@121A 0000000000000000
@121B 0000000000000000
@121C 0000000000000000
@121D 0000000000000000
@121E 0000000000000000
@121F 0000000000000000
@1220 0000000000000000
@1221 0000000000000000
@1222 0000000000000000
@1223 0000000000000000
@1224 0000000000000000
@1225 0000000000000000
@1226 0000000000000000
@1227 0000000000000000
@1228 0000000000000000
@1229 0000000000000000
@122A 0000000000000000
@122B 0000000000000000
@122C 0000000000000000
@122D 0000000000000000
@122E 0000000000000000
@122F 0000000000000000
@1230 0000000000000000
@1231 0000000000000000
@1232 0000000000000000
@1233 0000000000000000
@1234 0000000000000000
@1235 0000000000000000
@1236 0000000000000000
@1237 0000000000000000
@1238 0000000000000000
@1239 0000000000000000
@123A 0000000000000000
@123B 0000000000000000
@123C 0000000000000000
@123D 0000000000000000
@123E 0000000000000000
@123F 0000000000000000
@1240 0000000000000000
@1241 0000000000000000
@1242 0000000000000000
@1243 0000000000000000
@1244 0000000000000000
@1245 0000000000000000
@1246 0000000000000000
@1247 0000000000000000
@1248 0000000000000000
@1249 0000000000000000
@124A 0000000000000000
@124B 0000000000000000
@124C 0000000000000000
@124D 0000000000000000
@124E 0000000000000000
@124F 0000000000000000
@1250 0000000000000000
@1251 0000000000000000
@1252 0000000000000000
@1253 0000000000000000
@1254 0000000000000000
@1255 0000000000000000
@1256 0000000000000000
@1257 0000000000000000
@1258 0000000000000000
@1259 0000000000000000
@125A 0000000000000000
@125B 0000000000000000
@125C 0000000000000000
@125D 0000000000000000
@125E 0000000000000000
@125F 0000000000000000
@1260 0000000000000000
@1261 0000000000000000
@1262 0000000000000000
@1263 0000000000000000
@1264 0000000000000000
@1265 0000000000000000
@1266 0000000000000000
@1267 0000000000000000
@1268 0000000000000000
@1269 0000000000000000
@126A 0000000000000000
@126B 0000000000000000
@126C 0000000000000000
@126D 0000000000000000
@126E 0000000000000000
@126F 0000000000000000
@1270 0000000000000000
@1271 0000000000000000
@1272 0000000000000000
@1273 0000000000000000
@1274 0000000000000000
@1275 0000000000000000
@1276 0000000000000000
@1277 0000000000000000
@1278 0000000000000000
@1279 0000000000000000
@127A 0000000000000000
@127B 0000000000000000
@127C 0000000000000000
@127D 0000000000000000
@127E 0000000000000000
@127F 0000000000000000
@1280 0000000000000000
@1281 0000000000000000
@1282 0000000000000000
@1283 0000000000000000
@1284 0000000000000000
@1285 0000000000000000
@1286 0000000000000000
@1287 0000000000000000
@1288 0000000000000000
@1289 0000000000000000
@128A 0000000000000000
@128B 0000000000000000
@128C 0000000000000000
@128D 0000000000000000
@128E 0000000000000000
@128F 0000000000000000
@1290 0000000000000000
@1291 0000000000000000
@1292 0000000000000000
@1293 0000000000000000
@1294 0000000000000000
@1295 0000000000000000
@1296 0000000000000000
@1297 0000000000000000
@1298 0000000000000000
@1299 0000000000000000
@129A 0000000000000000
@129B 0000000000000000
@129C 0000000000000000
@129D 0000000000000000
@129E 0000000000000000
@129F 0000000000000000
@12A0 0000000000000000
@12A1 0000000000000000
@12A2 0000000000000000
@12A3 0000000000000000
@12A4 0000000000000000
@12A5 0000000000000000
@12A6 0000000000000000
@12A7 0000000000000000
@12A8 0000000000000000
@12A9 0000000000000000
@12AA 0000000000000000
@12AB 0000000000000000
@12AC 0000000000000000
@12AD 0000000000000000
@12AE 0000000000000000
@12AF 0000000000000000
@12B0 0000000000000000
@12B1 0000000000000000
@12B2 0000000000000000
@12B3 0000000000000000
@12B4 0000000000000000
@12B5 0000000000000000
@12B6 0000000000000000
@12B7 0000000000000000
@12B8 0000000000000000
@12B9 0000000000000000
@12BA 0000000000000000
@12BB 0000000000000000
@12BC 0000000000000000
@12BD 0000000000000000
@12BE 0000000000000000
@12BF 0000000000000000
@12C0 0000000000000000
@12C1 0000000000000000
@12C2 0000000000000000
@12C3 0000000000000000
@12C4 0000000000000000
@12C5 0000000000000000
@12C6 0000000000000000
@12C7 0000000000000000
@12C8 0000000000000000
@12C9 0000000000000000
@12CA 0000000000000000
@12CB 0000000000000000
@12CC 0000000000000000
@12CD 0000000000000000
@12CE 0000000000000000
@12CF 0000000000000000
@12D0 0000000000000000
@12D1 0000000000000000
@12D2 0000000000000000
@12D3 0000000000000000
@12D4 0000000000000000
@12D5 0000000000000000
@12D6 0000000000000000
@12D7 0000000000000000
@12D8 0000000000000000
@12D9 0000000000000000
@12DA 0000000000000000
@12DB 0000000000000000
@12DC 0000000000000000
@12DD 0000000000000000
@12DE 0000000000000000
@12DF 0000000000000000
@12E0 0000000000000000
@12E1 0000000000000000
@12E2 0000000000000000
@12E3 0000000000000000
@12E4 0000000000000000
@12E5 0000000000000000
@12E6 0000000000000000
@12E7 0000000000000000
@12E8 0000000000000000
@12E9 0000000000000000
@12EA 0000000000000000
@12EB 0000000000000000
@12EC 0000000000000000
@12ED 0000000000000000
@12EE 0000000000000000
@12EF 0000000000000000
@12F0 0000000000000000
@12F1 0000000000000000
@12F2 0000000000000000
@12F3 0000000000000000
@12F4 0000000000000000
@12F5 0000000000000000
@12F6 0000000000000000
@12F7 0000000000000000
@12F8 0000000000000000
@12F9 0000000000000000
@12FA 0000000000000000
@12FB 0000000000000000
@12FC 0000000000000000
@12FD 0000000000000000
@12FE 0000000000000000
@12FF 0000000000000000
@1300 0000000000000000
@1301 0000000000000000
@1302 0000000000000000
@1303 0000000000000000
@1304 0000000000000000
@1305 0000000000000000
@1306 0000000000000000
@1307 0000000000000000
@1308 0000000000000000
@1309 0000000000000000
@130A 0000000000000000
@130B 0000000000000000
@130C 0000000000000000
@130D 0000000000000000
@130E 0000000000000000
@130F 0000000000000000
@1310 0000000000000000
@1311 0000000000000000
@1312 0000000000000000
@1313 0000000000000000
@1314 0000000000000000
@1315 0000000000000000
@1316 0000000000000000
@1317 0000000000000000
@1318 0000000000000000
@1319 0000000000000000
@131A 0000000000000000
@131B 0000000000000000
@131C 0000000000000000
@131D 0000000000000000
@131E 0000000000000000
@131F 0000000000000000
@1320 0000000000000000
@1321 0000000000000000
@1322 0000000000000000
@1323 0000000000000000
@1324 0000000000000000
@1325 0000000000000000
@1326 0000000000000000
@1327 0000000000000000
@1328 0000000000000000
@1329 0000000000000000
@132A 0000000000000000
@132B 0000000000000000
@132C 0000000000000000
@132D 0000000000000000
@132E 0000000000000000
@132F 0000000000000000
@1330 0000000000000000
@1331 0000000000000000
@1332 0000000000000000
@1333 0000000000000000
@1334 0000000000000000
@1335 0000000000000000
@1336 0000000000000000
@1337 0000000000000000
@1338 0000000000000000
@1339 0000000000000000
@133A 0000000000000000
@133B 0000000000000000
@133C 0000000000000000
@133D 0000000000000000
@133E 0000000000000000
@133F 0000000000000000
@1340 0000000000000000
@1341 0000000000000000
@1342 0000000000000000
@1343 0000000000000000
@1344 0000000000000000
@1345 0000000000000000
@1346 0000000000000000
@1347 0000000000000000
@1348 0000000000000000
@1349 0000000000000000
@134A 0000000000000000
@134B 0000000000000000
@134C 0000000000000000
@134D 0000000000000000
@134E 0000000000000000
@134F 0000000000000000
@1350 0000000000000000
@1351 0000000000000000
@1352 0000000000000000
@1353 0000000000000000
@1354 0000000000000000
@1355 0000000000000000
@1356 0000000000000000
@1357 0000000000000000
@1358 0000000000000000
@1359 0000000000000000
@135A 0000000000000000
@135B 0000000000000000
@135C 0000000000000000
@135D 0000000000000000
@135E 0000000000000000
@135F 0000000000000000
@1360 0000000000000000
@1361 0000000000000000
@1362 0000000000000000
@1363 0000000000000000
@1364 0000000000000000
@1365 0000000000000000
@1366 0000000000000000
@1367 0000000000000000
@1368 0000000000000000
@1369 0000000000000000
@136A 0000000000000000
@136B 0000000000000000
@136C 0000000000000000
@136D 0000000000000000
@136E 0000000000000000
@136F 0000000000000000
@1370 0000000000000000
@1371 0000000000000000
@1372 0000000000000000
@1373 0000000000000000
@1374 0000000000000000
@1375 0000000000000000
@1376 0000000000000000
@1377 0000000000000000
@1378 0000000000000000
@1379 0000000000000000
@137A 0000000000000000
@137B 0000000000000000
@137C 0000000000000000
@137D 0000000000000000
@137E 0000000000000000
@137F 0000000000000000
@1380 0000000000000000
@1381 0000000000000000
@1382 0000000000000000
@1383 0000000000000000
@1384 0000000000000000
@1385 0000000000000000
@1386 0000000000000000
@1387 0000000000000000
@1388 0000000000000000
@1389 0000000000000000
@138A 0000000000000000
@138B 0000000000000000
@138C 0000000000000000
@138D 0000000000000000
@138E 0000000000000000
@138F 0000000000000000
@1390 0000000000000000
@1391 0000000000000000
@1392 0000000000000000
@1393 0000000000000000
@1394 0000000000000000
@1395 0000000000000000
@1396 0000000000000000
@1397 0000000000000000
@1398 0000000000000000
@1399 0000000000000000
@139A 0000000000000000
@139B 0000000000000000
@139C 0000000000000000
@139D 0000000000000000
@139E 0000000000000000
@139F 0000000000000000
@13A0 0000000000000000
@13A1 0000000000000000
@13A2 0000000000000000
@13A3 0000000000000000
@13A4 0000000000000000
@13A5 0000000000000000
@13A6 0000000000000000
@13A7 0000000000000000
@13A8 0000000000000000
@13A9 0000000000000000
@13AA 0000000000000000
@13AB 0000000000000000
@13AC 0000000000000000
@13AD 0000000000000000
@13AE 0000000000000000
@13AF 0000000000000000
@13B0 0000000000000000
@13B1 0000000000000000
@13B2 0000000000000000
@13B3 0000000000000000
@13B4 0000000000000000
@13B5 0000000000000000
@13B6 0000000000000000
@13B7 0000000000000000
@13B8 0000000000000000
@13B9 0000000000000000
@13BA 0000000000000000
@13BB 0000000000000000
@13BC 0000000000000000
@13BD 0000000000000000
@13BE 0000000000000000
@13BF 0000000000000000
@13C0 0000000000000000
@13C1 0000000000000000
@13C2 0000000000000000
@13C3 0000000000000000
@13C4 0000000000000000
@13C5 0000000000000000
@13C6 0000000000000000
@13C7 0000000000000000
@13C8 0000000000000000
@13C9 0000000000000000
@13CA 0000000000000000
@13CB 0000000000000000
@13CC 0000000000000000
@13CD 0000000000000000
@13CE 0000000000000000
@13CF 0000000000000000
@13D0 0000000000000000
@13D1 0000000000000000
@13D2 0000000000000000
@13D3 0000000000000000
@13D4 0000000000000000
@13D5 0000000000000000
@13D6 0000000000000000
@13D7 0000000000000000
@13D8 0000000000000000
@13D9 0000000000000000
@13DA 0000000000000000
@13DB 0000000000000000
@13DC 0000000000000000
@13DD 0000000000000000
@13DE 0000000000000000
@13DF 0000000000000000
@13E0 0000000000000000
@13E1 0000000000000000
@13E2 0000000000000000
@13E3 0000000000000000
@13E4 0000000000000000
@13E5 0000000000000000
@13E6 0000000000000000
@13E7 0000000000000000
@13E8 0000000000000000
@13E9 0000000000000000
@13EA 0000000000000000
@13EB 0000000000000000
@13EC 0000000000000000
@13ED 0000000000000000
@13EE 0000000000000000
@13EF 0000000000000000
@13F0 0000000000000000
@13F1 0000000000000000
@13F2 0000000000000000
@13F3 0000000000000000
@13F4 0000000000000000
@13F5 0000000000000000
@13F6 0000000000000000
@13F7 0000000000000000
@13F8 0000000000000000
@13F9 0000000000000000
@13FA 0000000000000000
@13FB 0000000000000000
@13FC 0000000000000000
@13FD 0000000000000000
@13FE 0000000000000000
@13FF 0000000000000000
@1400 0000000000000000
@1401 0000000000000000
@1402 0000000000000000
@1403 0000000000000000
@1404 0000000000000000
@1405 0000000000000000
@1406 0000000000000000
@1407 0000000000000000
@1408 0000000000000000
@1409 0000000000000000
@140A 0000000000000000
@140B 0000000000000000
@140C 0000000000000000
@140D 0000000000000000
@140E 0000000000000000
@140F 0000000000000000
@1410 0000000000000000
@1411 0000000000000000
@1412 0000000000000000
@1413 0000000000000000
@1414 0000000000000000
@1415 0000000000000000
@1416 0000000000000000
@1417 0000000000000000
@1418 0000000000000000
@1419 0000000000000000
@141A 0000000000000000
@141B 0000000000000000
@141C 0000000000000000
@141D 0000000000000000
@141E 0000000000000000
@141F 0000000000000000
@1420 0000000000000000
@1421 0000000000000000
@1422 0000000000000000
@1423 0000000000000000
@1424 0000000000000000
@1425 0000000000000000
@1426 0000000000000000
@1427 0000000000000000
@1428 0000000000000000
@1429 0000000000000000
@142A 0000000000000000
@142B 0000000000000000
@142C 0000000000000000
@142D 0000000000000000
@142E 0000000000000000
@142F 0000000000000000
@1430 0000000000000000
@1431 0000000000000000
@1432 0000000000000000
@1433 0000000000000000
@1434 0000000000000000
@1435 0000000000000000
@1436 0000000000000000
@1437 0000000000000000
@1438 0000000000000000
@1439 0000000000000000
@143A 0000000000000000
@143B 0000000000000000
@143C 0000000000000000
@143D 0000000000000000
@143E 0000000000000000
@143F 0000000000000000
@1440 0000000000000000
@1441 0000000000000000
@1442 0000000000000000
@1443 0000000000000000
@1444 0000000000000000
@1445 0000000000000000
@1446 0000000000000000
@1447 0000000000000000
@1448 0000000000000000
@1449 0000000000000000
@144A 0000000000000000
@144B 0000000000000000
@144C 0000000000000000
@144D 0000000000000000
@144E 0000000000000000
@144F 0000000000000000
@1450 0000000000000000
@1451 0000000000000000
@1452 0000000000000000
@1453 0000000000000000
@1454 0000000000000000
@1455 0000000000000000
@1456 0000000000000000
@1457 0000000000000000
@1458 0000000000000000
@1459 0000000000000000
@145A 0000000000000000
@145B 0000000000000000
@145C 0000000000000000
@145D 0000000000000000
@145E 0000000000000000
@145F 0000000000000000
@1460 0000000000000000
@1461 0000000000000000
@1462 0000000000000000
@1463 0000000000000000
@1464 0000000000000000
@1465 0000000000000000
@1466 0000000000000000
@1467 0000000000000000
@1468 0000000000000000
@1469 0000000000000000
@146A 0000000000000000
@146B 0000000000000000
@146C 0000000000000000
@146D 0000000000000000
@146E 0000000000000000
@146F 0000000000000000
@1470 0000000000000000
@1471 0000000000000000
@1472 0000000000000000
@1473 0000000000000000
@1474 0000000000000000
@1475 0000000000000000
@1476 0000000000000000
@1477 0000000000000000
@1478 0000000000000000
@1479 0000000000000000
@147A 0000000000000000
@147B 0000000000000000
@147C 0000000000000000
@147D 0000000000000000
@147E 0000000000000000
@147F 0000000000000000
@1480 0000000000000000
@1481 0000000000000000
@1482 0000000000000000
@1483 0000000000000000
@1484 0000000000000000
@1485 0000000000000000
@1486 0000000000000000
@1487 0000000000000000
@1488 0000000000000000
@1489 0000000000000000
@148A 0000000000000000
@148B 0000000000000000
@148C 0000000000000000
@148D 0000000000000000
@148E 0000000000000000
@148F 0000000000000000
@1490 0000000000000000
@1491 0000000000000000
@1492 0000000000000000
@1493 0000000000000000
@1494 0000000000000000
@1495 0000000000000000
@1496 0000000000000000
@1497 0000000000000000
@1498 0000000000000000
@1499 0000000000000000
@149A 0000000000000000
@149B 0000000000000000
@149C 0000000000000000
@149D 0000000000000000
@149E 0000000000000000
@149F 0000000000000000
@14A0 0000000000000000
@14A1 0000000000000000
@14A2 0000000000000000
@14A3 0000000000000000
@14A4 0000000000000000
@14A5 0000000000000000
@14A6 0000000000000000
@14A7 0000000000000000
@14A8 0000000000000000
@14A9 0000000000000000
@14AA 0000000000000000
@14AB 0000000000000000
@14AC 0000000000000000
@14AD 0000000000000000
@14AE 0000000000000000
@14AF 0000000000000000
@14B0 0000000000000000
@14B1 0000000000000000
@14B2 0000000000000000
@14B3 0000000000000000
@14B4 0000000000000000
@14B5 0000000000000000
@14B6 0000000000000000
@14B7 0000000000000000
@14B8 0000000000000000
@14B9 0000000000000000
@14BA 0000000000000000
@14BB 0000000000000000
@14BC 0000000000000000
@14BD 0000000000000000
@14BE 0000000000000000
@14BF 0000000000000000
@14C0 0000000000000000
@14C1 0000000000000000
@14C2 0000000000000000
@14C3 0000000000000000
@14C4 0000000000000000
@14C5 0000000000000000
@14C6 0000000000000000
@14C7 0000000000000000
@14C8 0000000000000000
@14C9 0000000000000000
@14CA 0000000000000000
@14CB 0000000000000000
@14CC 0000000000000000
@14CD 0000000000000000
@14CE 0000000000000000
@14CF 0000000000000000
@14D0 0000000000000000
@14D1 0000000000000000
@14D2 0000000000000000
@14D3 0000000000000000
@14D4 0000000000000000
@14D5 0000000000000000
@14D6 0000000000000000
@14D7 0000000000000000
@14D8 0000000000000000
@14D9 0000000000000000
@14DA 0000000000000000
@14DB 0000000000000000
@14DC 0000000000000000
@14DD 0000000000000000
@14DE 0000000000000000
@14DF 0000000000000000
@14E0 0000000000000000
@14E1 0000000000000000
@14E2 0000000000000000
@14E3 0000000000000000
@14E4 0000000000000000
@14E5 0000000000000000
@14E6 0000000000000000
@14E7 0000000000000000
@14E8 0000000000000000
@14E9 0000000000000000
@14EA 0000000000000000
@14EB 0000000000000000
@14EC 0000000000000000
@14ED 0000000000000000
@14EE 0000000000000000
@14EF 0000000000000000
@14F0 0000000000000000
@14F1 0000000000000000
@14F2 0000000000000000
@14F3 0000000000000000
@14F4 0000000000000000
@14F5 0000000000000000
@14F6 0000000000000000
@14F7 0000000000000000
@14F8 0000000000000000
@14F9 0000000000000000
@14FA 0000000000000000
@14FB 0000000000000000
@14FC 0000000000000000
@14FD 0000000000000000
@14FE 0000000000000000
@14FF 0000000000000000
@1500 0000000000000000
@1501 0000000000000000
@1502 0000000000000000
@1503 0000000000000000
@1504 0000000000000000
@1505 0000000000000000
@1506 0000000000000000
@1507 0000000000000000
@1508 0000000000000000
@1509 0000000000000000
@150A 0000000000000000
@150B 0000000000000000
@150C 0000000000000000
@150D 0000000000000000
@150E 0000000000000000
@150F 0000000000000000
@1510 0000000000000000
@1511 0000000000000000
@1512 0000000000000000
@1513 0000000000000000
@1514 0000000000000000
@1515 0000000000000000
@1516 0000000000000000
@1517 0000000000000000
@1518 0000000000000000
@1519 0000000000000000
@151A 0000000000000000
@151B 0000000000000000
@151C 0000000000000000
@151D 0000000000000000
@151E 0000000000000000
@151F 0000000000000000
@1520 0000000000000000
@1521 0000000000000000
@1522 0000000000000000
@1523 0000000000000000
@1524 0000000000000000
@1525 0000000000000000
@1526 0000000000000000
@1527 0000000000000000
@1528 0000000000000000
@1529 0000000000000000
@152A 0000000000000000
@152B 0000000000000000
@152C 0000000000000000
@152D 0000000000000000
@152E 0000000000000000
@152F 0000000000000000
@1530 0000000000000000
@1531 0000000000000000
@1532 0000000000000000
@1533 0000000000000000
@1534 0000000000000000
@1535 0000000000000000
@1536 0000000000000000
@1537 0000000000000000
@1538 0000000000000000
@1539 0000000000000000
@153A 0000000000000000
@153B 0000000000000000
@153C 0000000000000000
@153D 0000000000000000
@153E 0000000000000000
@153F 0000000000000000
@1540 0000000000000000
@1541 0000000000000000
@1542 0000000000000000
@1543 0000000000000000
@1544 0000000000000000
@1545 0000000000000000
@1546 0000000000000000
@1547 0000000000000000
@1548 0000000000000000
@1549 0000000000000000
@154A 0000000000000000
@154B 0000000000000000
@154C 0000000000000000
@154D 0000000000000000
@154E 0000000000000000
@154F 0000000000000000
@1550 0000000000000000
@1551 0000000000000000
@1552 0000000000000000
@1553 0000000000000000
@1554 0000000000000000
@1555 0000000000000000
@1556 0000000000000000
@1557 0000000000000000
@1558 0000000000000000
@1559 0000000000000000
@155A 0000000000000000
@155B 0000000000000000
@155C 0000000000000000
@155D 0000000000000000
@155E 0000000000000000
@155F 0000000000000000
@1560 0000000000000000
@1561 0000000000000000
@1562 0000000000000000
@1563 0000000000000000
@1564 0000000000000000
@1565 0000000000000000
@1566 0000000000000000
@1567 0000000000000000
@1568 0000000000000000
@1569 0000000000000000
@156A 0000000000000000
@156B 0000000000000000
@156C 0000000000000000
@156D 0000000000000000
@156E 0000000000000000
@156F 0000000000000000
@1570 0000000000000000
@1571 0000000000000000
@1572 0000000000000000
@1573 0000000000000000
@1574 0000000000000000
@1575 0000000000000000
@1576 0000000000000000
@1577 0000000000000000
@1578 0000000000000000
@1579 0000000000000000
@157A 0000000000000000
@157B 0000000000000000
@157C 0000000000000000
@157D 0000000000000000
@157E 0000000000000000
@157F 0000000000000000
@1580 0000000000000000
@1581 0000000000000000
@1582 0000000000000000
@1583 0000000000000000
@1584 0000000000000000
@1585 0000000000000000
@1586 0000000000000000
@1587 0000000000000000
@1588 0000000000000000
@1589 0000000000000000
@158A 0000000000000000
@158B 0000000000000000
@158C 0000000000000000
@158D 0000000000000000
@158E 0000000000000000
@158F 0000000000000000
@1590 0000000000000000
@1591 0000000000000000
@1592 0000000000000000
@1593 0000000000000000
@1594 0000000000000000
@1595 0000000000000000
@1596 0000000000000000
@1597 0000000000000000
@1598 0000000000000000
@1599 0000000000000000
@159A 0000000000000000
@159B 0000000000000000
@159C 0000000000000000
@159D 0000000000000000
@159E 0000000000000000
@159F 0000000000000000
@15A0 0000000000000000
@15A1 0000000000000000
@15A2 0000000000000000
@15A3 0000000000000000
@15A4 0000000000000000
@15A5 0000000000000000
@15A6 0000000000000000
@15A7 0000000000000000
@15A8 0000000000000000
@15A9 0000000000000000
@15AA 0000000000000000
@15AB 0000000000000000
@15AC 0000000000000000
@15AD 0000000000000000
@15AE 0000000000000000
@15AF 0000000000000000
@15B0 0000000000000000
@15B1 0000000000000000
@15B2 0000000000000000
@15B3 0000000000000000
@15B4 0000000000000000
@15B5 0000000000000000
@15B6 0000000000000000
@15B7 0000000000000000
@15B8 0000000000000000
@15B9 0000000000000000
@15BA 0000000000000000
@15BB 0000000000000000
@15BC 0000000000000000
@15BD 0000000000000000
@15BE 0000000000000000
@15BF 0000000000000000
@15C0 0000000000000000
@15C1 0000000000000000
@15C2 0000000000000000
@15C3 0000000000000000
@15C4 0000000000000000
@15C5 0000000000000000
@15C6 0000000000000000
@15C7 0000000000000000
@15C8 0000000000000000
@15C9 0000000000000000
@15CA 0000000000000000
@15CB 0000000000000000
@15CC 0000000000000000
@15CD 0000000000000000
@15CE 0000000000000000
@15CF 0000000000000000
@15D0 0000000000000000
@15D1 0000000000000000
@15D2 0000000000000000
@15D3 0000000000000000
@15D4 0000000000000000
@15D5 0000000000000000
@15D6 0000000000000000
@15D7 0000000000000000
@15D8 0000000000000000
@15D9 0000000000000000
@15DA 0000000000000000
@15DB 0000000000000000
@15DC 0000000000000000
@15DD 0000000000000000
@15DE 0000000000000000
@15DF 0000000000000000
@15E0 0000000000000000
@15E1 0000000000000000
@15E2 0000000000000000
@15E3 0000000000000000
@15E4 0000000000000000
@15E5 0000000000000000
@15E6 0000000000000000
@15E7 0000000000000000
@15E8 0000000000000000
@15E9 0000000000000000
@15EA 0000000000000000
@15EB 0000000000000000
@15EC 0000000000000000
@15ED 0000000000000000
@15EE 0000000000000000
@15EF 0000000000000000
@15F0 0000000000000000
@15F1 0000000000000000
@15F2 0000000000000000
@15F3 0000000000000000
@15F4 0000000000000000
@15F5 0000000000000000
@15F6 0000000000000000
@15F7 0000000000000000
@15F8 0000000000000000
@15F9 0000000000000000
@15FA 0000000000000000
@15FB 0000000000000000
@15FC 0000000000000000
@15FD 0000000000000000
@15FE 0000000000000000
@15FF 0000000000000000
@1600 0000000000000000
@1601 0000000000000000
@1602 0000000000000000
@1603 0000000000000000
@1604 0000000000000000
@1605 0000000000000000
@1606 0000000000000000
@1607 0000000000000000
@1608 0000000000000000
@1609 0000000000000000
@160A 0000000000000000
@160B 0000000000000000
@160C 0000000000000000
@160D 0000000000000000
@160E 0000000000000000
@160F 0000000000000000
@1610 0000000000000000
@1611 0000000000000000
@1612 0000000000000000
@1613 0000000000000000
@1614 0000000000000000
@1615 0000000000000000
@1616 0000000000000000
@1617 0000000000000000
@1618 0000000000000000
@1619 0000000000000000
@161A 0000000000000000
@161B 0000000000000000
@161C 0000000000000000
@161D 0000000000000000
@161E 0000000000000000
@161F 0000000000000000
@1620 0000000000000000
@1621 0000000000000000
@1622 0000000000000000
@1623 0000000000000000
@1624 0000000000000000
@1625 0000000000000000
@1626 0000000000000000
@1627 0000000000000000
@1628 0000000000000000
@1629 0000000000000000
@162A 0000000000000000
@162B 0000000000000000
@162C 0000000000000000
@162D 0000000000000000
@162E 0000000000000000
@162F 0000000000000000
@1630 0000000000000000
@1631 0000000000000000
@1632 0000000000000000
@1633 0000000000000000
@1634 0000000000000000
@1635 0000000000000000
@1636 0000000000000000
@1637 0000000000000000
@1638 0000000000000000
@1639 0000000000000000
@163A 0000000000000000
@163B 0000000000000000
@163C 0000000000000000
@163D 0000000000000000
@163E 0000000000000000
@163F 0000000000000000
@1640 0000000000000000
@1641 0000000000000000
@1642 0000000000000000
@1643 0000000000000000
@1644 0000000000000000
@1645 0000000000000000
@1646 0000000000000000
@1647 0000000000000000
@1648 0000000000000000
@1649 0000000000000000
@164A 0000000000000000
@164B 0000000000000000
@164C 0000000000000000
@164D 0000000000000000
@164E 0000000000000000
@164F 0000000000000000
@1650 0000000000000000
@1651 0000000000000000
@1652 0000000000000000
@1653 0000000000000000
@1654 0000000000000000
@1655 0000000000000000
@1656 0000000000000000
@1657 0000000000000000
@1658 0000000000000000
@1659 0000000000000000
@165A 0000000000000000
@165B 0000000000000000
@165C 0000000000000000
@165D 0000000000000000
@165E 0000000000000000
@165F 0000000000000000
@1660 0000000000000000
@1661 0000000000000000
@1662 0000000000000000
@1663 0000000000000000
@1664 0000000000000000
@1665 0000000000000000
@1666 0000000000000000
@1667 0000000000000000
@1668 0000000000000000
@1669 0000000000000000
@166A 0000000000000000
@166B 0000000000000000
@166C 0000000000000000
@166D 0000000000000000
@166E 0000000000000000
@166F 0000000000000000
@1670 0000000000000000
@1671 0000000000000000
@1672 0000000000000000
@1673 0000000000000000
@1674 0000000000000000
@1675 0000000000000000
@1676 0000000000000000
@1677 0000000000000000
@1678 0000000000000000
@1679 0000000000000000
@167A 0000000000000000
@167B 0000000000000000
@167C 0000000000000000
@167D 0000000000000000
@167E 0000000000000000
@167F 0000000000000000
@1680 0000000000000000
@1681 0000000000000000
@1682 0000000000000000
@1683 0000000000000000
@1684 0000000000000000
@1685 0000000000000000
@1686 0000000000000000
@1687 0000000000000000
@1688 0000000000000000
@1689 0000000000000000
@168A 0000000000000000
@168B 0000000000000000
@168C 0000000000000000
@168D 0000000000000000
@168E 0000000000000000
@168F 0000000000000000
@1690 0000000000000000
@1691 0000000000000000
@1692 0000000000000000
@1693 0000000000000000
@1694 0000000000000000
@1695 0000000000000000
@1696 0000000000000000
@1697 0000000000000000
@1698 0000000000000000
@1699 0000000000000000
@169A 0000000000000000
@169B 0000000000000000
@169C 0000000000000000
@169D 0000000000000000
@169E 0000000000000000
@169F 0000000000000000
@16A0 0000000000000000
@16A1 0000000000000000
@16A2 0000000000000000
@16A3 0000000000000000
@16A4 0000000000000000
@16A5 0000000000000000
@16A6 0000000000000000
@16A7 0000000000000000
@16A8 0000000000000000
@16A9 0000000000000000
@16AA 0000000000000000
@16AB 0000000000000000
@16AC 0000000000000000
@16AD 0000000000000000
@16AE 0000000000000000
@16AF 0000000000000000
@16B0 0000000000000000
@16B1 0000000000000000
@16B2 0000000000000000
@16B3 0000000000000000
@16B4 0000000000000000
@16B5 0000000000000000
@16B6 0000000000000000
@16B7 0000000000000000
@16B8 0000000000000000
@16B9 0000000000000000
@16BA 0000000000000000
@16BB 0000000000000000
@16BC 0000000000000000
@16BD 0000000000000000
@16BE 0000000000000000
@16BF 0000000000000000
@16C0 0000000000000000
@16C1 0000000000000000
@16C2 0000000000000000
@16C3 0000000000000000
@16C4 0000000000000000
@16C5 0000000000000000
@16C6 0000000000000000
@16C7 0000000000000000
@16C8 0000000000000000
@16C9 0000000000000000
@16CA 0000000000000000
@16CB 0000000000000000
@16CC 0000000000000000
@16CD 0000000000000000
@16CE 0000000000000000
@16CF 0000000000000000
@16D0 0000000000000000
@16D1 0000000000000000
@16D2 0000000000000000
@16D3 0000000000000000
@16D4 0000000000000000
@16D5 0000000000000000
@16D6 0000000000000000
@16D7 0000000000000000
@16D8 0000000000000000
@16D9 0000000000000000
@16DA 0000000000000000
@16DB 0000000000000000
@16DC 0000000000000000
@16DD 0000000000000000
@16DE 0000000000000000
@16DF 0000000000000000
@16E0 0000000000000000
@16E1 0000000000000000
@16E2 0000000000000000
@16E3 0000000000000000
@16E4 0000000000000000
@16E5 0000000000000000
@16E6 0000000000000000
@16E7 0000000000000000
@16E8 0000000000000000
@16E9 0000000000000000
@16EA 0000000000000000
@16EB 0000000000000000
@16EC 0000000000000000
@16ED 0000000000000000
@16EE 0000000000000000
@16EF 0000000000000000
@16F0 0000000000000000
@16F1 0000000000000000
@16F2 0000000000000000
@16F3 0000000000000000
@16F4 0000000000000000
@16F5 0000000000000000
@16F6 0000000000000000
@16F7 0000000000000000
@16F8 0000000000000000
@16F9 0000000000000000
@16FA 0000000000000000
@16FB 0000000000000000
@16FC 0000000000000000
@16FD 0000000000000000
@16FE 0000000000000000
@16FF 0000000000000000
@1700 0000000000000000
@1701 0000000000000000
@1702 0000000000000000
@1703 0000000000000000
@1704 0000000000000000
@1705 0000000000000000
@1706 0000000000000000
@1707 0000000000000000
@1708 0000000000000000
@1709 0000000000000000
@170A 0000000000000000
@170B 0000000000000000
@170C 0000000000000000
@170D 0000000000000000
@170E 0000000000000000
@170F 0000000000000000
@1710 0000000000000000
@1711 0000000000000000
@1712 0000000000000000
@1713 0000000000000000
@1714 0000000000000000
@1715 0000000000000000
@1716 0000000000000000
@1717 0000000000000000
@1718 0000000000000000
@1719 0000000000000000
@171A 0000000000000000
@171B 0000000000000000
@171C 0000000000000000
@171D 0000000000000000
@171E 0000000000000000
@171F 0000000000000000
@1720 0000000000000000
@1721 0000000000000000
